architecture,sample_index,y_true,p_fake,y_pred,correct
Hybrid CNN-Transformer,0,0,6.5e-05,0,True
Hybrid CNN-Transformer,1,0,4.5e-05,0,True
Hybrid CNN-Transformer,2,0,4.3e-05,0,True
Hybrid CNN-Transformer,3,0,6.3e-05,0,True
Hybrid CNN-Transformer,4,0,9.1e-05,0,True
Hybrid CNN-Transformer,5,0,2.9e-05,0,True
Hybrid CNN-Transformer,6,0,0.000233,0,True
Hybrid CNN-Transformer,7,0,0.000108,0,True
Hybrid CNN-Transformer,8,0,5.2e-05,0,True
Hybrid CNN-Transformer,9,0,0.000586,0,True
Hybrid CNN-Transformer,10,0,0.00017,0,True
Hybrid CNN-Transformer,11,0,0.000342,0,True
Hybrid CNN-Transformer,12,0,4e-05,0,True
Hybrid CNN-Transformer,13,0,0.000103,0,True
Hybrid CNN-Transformer,14,0,0.000148,0,True
Hybrid CNN-Transformer,15,0,0.000144,0,True
Hybrid CNN-Transformer,16,0,8.7e-05,0,True
Hybrid CNN-Transformer,17,0,6.9e-05,0,True
Hybrid CNN-Transformer,18,0,4.1e-05,0,True
Hybrid CNN-Transformer,19,0,8.3e-05,0,True
Hybrid CNN-Transformer,20,0,4.5e-05,0,True
Hybrid CNN-Transformer,21,0,5.5e-05,0,True
Hybrid CNN-Transformer,22,0,7.1e-05,0,True
Hybrid CNN-Transformer,23,0,3.6e-05,0,True
Hybrid CNN-Transformer,24,0,0.000121,0,True
Hybrid CNN-Transformer,25,0,9.2e-05,0,True
Hybrid CNN-Transformer,26,0,0.000119,0,True
Hybrid CNN-Transformer,27,0,7.7e-05,0,True
Hybrid CNN-Transformer,28,0,0.000468,0,True
Hybrid CNN-Transformer,29,0,0.003956,0,True
Hybrid CNN-Transformer,30,0,8.4e-05,0,True
Hybrid CNN-Transformer,31,0,0.000129,0,True
Hybrid CNN-Transformer,32,0,3.5e-05,0,True
Hybrid CNN-Transformer,33,0,0.000219,0,True
Hybrid CNN-Transformer,34,0,4.8e-05,0,True
Hybrid CNN-Transformer,35,0,5.4e-05,0,True
Hybrid CNN-Transformer,36,0,3e-05,0,True
Hybrid CNN-Transformer,37,0,0.000125,0,True
Hybrid CNN-Transformer,38,0,7.4e-05,0,True
Hybrid CNN-Transformer,39,0,0.000141,0,True
Hybrid CNN-Transformer,40,0,0.000144,0,True
Hybrid CNN-Transformer,41,0,8.1e-05,0,True
Hybrid CNN-Transformer,42,0,0.000121,0,True
Hybrid CNN-Transformer,43,0,0.000265,0,True
Hybrid CNN-Transformer,44,0,0.000216,0,True
Hybrid CNN-Transformer,45,0,3.4e-05,0,True
Hybrid CNN-Transformer,46,0,2.9e-05,0,True
Hybrid CNN-Transformer,47,0,0.000167,0,True
Hybrid CNN-Transformer,48,0,0.000115,0,True
Hybrid CNN-Transformer,49,0,5e-05,0,True
Hybrid CNN-Transformer,50,0,8.7e-05,0,True
Hybrid CNN-Transformer,51,0,5.9e-05,0,True
Hybrid CNN-Transformer,52,0,8.8e-05,0,True
Hybrid CNN-Transformer,53,0,0.000492,0,True
Hybrid CNN-Transformer,54,0,5.7e-05,0,True
Hybrid CNN-Transformer,55,0,0.000107,0,True
Hybrid CNN-Transformer,56,0,0.001228,0,True
Hybrid CNN-Transformer,57,0,3.3e-05,0,True
Hybrid CNN-Transformer,58,0,0.000312,0,True
Hybrid CNN-Transformer,59,0,4.1e-05,0,True
Hybrid CNN-Transformer,60,0,5e-05,0,True
Hybrid CNN-Transformer,61,0,5.2e-05,0,True
Hybrid CNN-Transformer,62,0,0.000331,0,True
Hybrid CNN-Transformer,63,0,0.000315,0,True
Hybrid CNN-Transformer,64,0,0.000116,0,True
Hybrid CNN-Transformer,65,0,0.000803,0,True
Hybrid CNN-Transformer,66,0,7.7e-05,0,True
Hybrid CNN-Transformer,67,0,0.000112,0,True
Hybrid CNN-Transformer,68,0,5.5e-05,0,True
Hybrid CNN-Transformer,69,0,6.8e-05,0,True
Hybrid CNN-Transformer,70,0,6.8e-05,0,True
Hybrid CNN-Transformer,71,0,9.3e-05,0,True
Hybrid CNN-Transformer,72,0,0.000107,0,True
Hybrid CNN-Transformer,73,0,0.000236,0,True
Hybrid CNN-Transformer,74,0,0.000104,0,True
Hybrid CNN-Transformer,75,0,4.9e-05,0,True
Hybrid CNN-Transformer,76,0,0.000162,0,True
Hybrid CNN-Transformer,77,0,0.053067,0,True
Hybrid CNN-Transformer,78,0,8.4e-05,0,True
Hybrid CNN-Transformer,79,0,5.2e-05,0,True
Hybrid CNN-Transformer,80,0,0.000111,0,True
Hybrid CNN-Transformer,81,0,0.000106,0,True
Hybrid CNN-Transformer,82,0,9.3e-05,0,True
Hybrid CNN-Transformer,83,0,9.4e-05,0,True
Hybrid CNN-Transformer,84,0,5.5e-05,0,True
Hybrid CNN-Transformer,85,0,0.0001,0,True
Hybrid CNN-Transformer,86,0,0.001939,0,True
Hybrid CNN-Transformer,87,0,0.000243,0,True
Hybrid CNN-Transformer,88,0,3.6e-05,0,True
Hybrid CNN-Transformer,89,0,0.000283,0,True
Hybrid CNN-Transformer,90,0,9.6e-05,0,True
Hybrid CNN-Transformer,91,0,0.001804,0,True
Hybrid CNN-Transformer,92,0,0.00024,0,True
Hybrid CNN-Transformer,93,0,5.6e-05,0,True
Hybrid CNN-Transformer,94,0,0.000336,0,True
Hybrid CNN-Transformer,95,0,9.1e-05,0,True
Hybrid CNN-Transformer,96,0,2.7e-05,0,True
Hybrid CNN-Transformer,97,0,7.9e-05,0,True
Hybrid CNN-Transformer,98,0,0.000121,0,True
Hybrid CNN-Transformer,99,0,4.1e-05,0,True
Hybrid CNN-Transformer,100,0,9.2e-05,0,True
Hybrid CNN-Transformer,101,0,6.3e-05,0,True
Hybrid CNN-Transformer,102,0,8.5e-05,0,True
Hybrid CNN-Transformer,103,0,0.001732,0,True
Hybrid CNN-Transformer,104,0,0.000186,0,True
Hybrid CNN-Transformer,105,0,4.1e-05,0,True
Hybrid CNN-Transformer,106,0,6.8e-05,0,True
Hybrid CNN-Transformer,107,0,3.8e-05,0,True
Hybrid CNN-Transformer,108,0,9.1e-05,0,True
Hybrid CNN-Transformer,109,0,0.00011,0,True
Hybrid CNN-Transformer,110,0,0.000146,0,True
Hybrid CNN-Transformer,111,0,6.1e-05,0,True
Hybrid CNN-Transformer,112,0,5.6e-05,0,True
Hybrid CNN-Transformer,113,0,0.000149,0,True
Hybrid CNN-Transformer,114,0,0.000139,0,True
Hybrid CNN-Transformer,115,0,0.001158,0,True
Hybrid CNN-Transformer,116,0,3.9e-05,0,True
Hybrid CNN-Transformer,117,0,0.356692,0,True
Hybrid CNN-Transformer,118,0,3e-05,0,True
Hybrid CNN-Transformer,119,0,7.4e-05,0,True
Hybrid CNN-Transformer,120,0,4.1e-05,0,True
Hybrid CNN-Transformer,121,0,5.7e-05,0,True
Hybrid CNN-Transformer,122,0,4.6e-05,0,True
Hybrid CNN-Transformer,123,0,0.000362,0,True
Hybrid CNN-Transformer,124,0,4.2e-05,0,True
Hybrid CNN-Transformer,125,0,0.000165,0,True
Hybrid CNN-Transformer,126,0,0.000387,0,True
Hybrid CNN-Transformer,127,0,7.3e-05,0,True
Hybrid CNN-Transformer,128,0,6.1e-05,0,True
Hybrid CNN-Transformer,129,0,3.8e-05,0,True
Hybrid CNN-Transformer,130,0,5.4e-05,0,True
Hybrid CNN-Transformer,131,0,0.00011,0,True
Hybrid CNN-Transformer,132,0,6.8e-05,0,True
Hybrid CNN-Transformer,133,0,3.7e-05,0,True
Hybrid CNN-Transformer,134,0,0.000127,0,True
Hybrid CNN-Transformer,135,0,0.000144,0,True
Hybrid CNN-Transformer,136,0,5.3e-05,0,True
Hybrid CNN-Transformer,137,0,0.000166,0,True
Hybrid CNN-Transformer,138,0,7.7e-05,0,True
Hybrid CNN-Transformer,139,0,3.9e-05,0,True
Hybrid CNN-Transformer,140,0,0.000209,0,True
Hybrid CNN-Transformer,141,0,5.6e-05,0,True
Hybrid CNN-Transformer,142,0,5.7e-05,0,True
Hybrid CNN-Transformer,143,0,4.8e-05,0,True
Hybrid CNN-Transformer,144,0,6.4e-05,0,True
Hybrid CNN-Transformer,145,0,3.7e-05,0,True
Hybrid CNN-Transformer,146,0,8.3e-05,0,True
Hybrid CNN-Transformer,147,0,6.3e-05,0,True
Hybrid CNN-Transformer,148,0,3.4e-05,0,True
Hybrid CNN-Transformer,149,0,4.5e-05,0,True
Hybrid CNN-Transformer,150,0,0.000566,0,True
Hybrid CNN-Transformer,151,0,7.1e-05,0,True
Hybrid CNN-Transformer,152,0,0.000128,0,True
Hybrid CNN-Transformer,153,0,6e-05,0,True
Hybrid CNN-Transformer,154,0,5e-05,0,True
Hybrid CNN-Transformer,155,0,3e-05,0,True
Hybrid CNN-Transformer,156,0,0.000124,0,True
Hybrid CNN-Transformer,157,0,0.000173,0,True
Hybrid CNN-Transformer,158,0,0.000147,0,True
Hybrid CNN-Transformer,159,0,8.7e-05,0,True
Hybrid CNN-Transformer,160,0,0.000267,0,True
Hybrid CNN-Transformer,161,0,0.000113,0,True
Hybrid CNN-Transformer,162,0,0.000286,0,True
Hybrid CNN-Transformer,163,0,6.3e-05,0,True
Hybrid CNN-Transformer,164,0,4.1e-05,0,True
Hybrid CNN-Transformer,165,0,4.8e-05,0,True
Hybrid CNN-Transformer,166,0,0.000307,0,True
Hybrid CNN-Transformer,167,0,7.2e-05,0,True
Hybrid CNN-Transformer,168,0,7.7e-05,0,True
Hybrid CNN-Transformer,169,0,5.7e-05,0,True
Hybrid CNN-Transformer,170,0,6e-05,0,True
Hybrid CNN-Transformer,171,0,4.2e-05,0,True
Hybrid CNN-Transformer,172,0,4e-05,0,True
Hybrid CNN-Transformer,173,0,5.1e-05,0,True
Hybrid CNN-Transformer,174,0,4.5e-05,0,True
Hybrid CNN-Transformer,175,0,7.5e-05,0,True
Hybrid CNN-Transformer,176,0,6.3e-05,0,True
Hybrid CNN-Transformer,177,0,3.6e-05,0,True
Hybrid CNN-Transformer,178,0,7.2e-05,0,True
Hybrid CNN-Transformer,179,0,0.000212,0,True
Hybrid CNN-Transformer,180,0,7e-05,0,True
Hybrid CNN-Transformer,181,0,0.000178,0,True
Hybrid CNN-Transformer,182,0,5.3e-05,0,True
Hybrid CNN-Transformer,183,0,7.5e-05,0,True
Hybrid CNN-Transformer,184,0,8.3e-05,0,True
Hybrid CNN-Transformer,185,0,5.1e-05,0,True
Hybrid CNN-Transformer,186,0,6.5e-05,0,True
Hybrid CNN-Transformer,187,0,0.000526,0,True
Hybrid CNN-Transformer,188,0,5.6e-05,0,True
Hybrid CNN-Transformer,189,0,0.000107,0,True
Hybrid CNN-Transformer,190,0,8.4e-05,0,True
Hybrid CNN-Transformer,191,0,3.8e-05,0,True
Hybrid CNN-Transformer,192,0,8.9e-05,0,True
Hybrid CNN-Transformer,193,0,7.3e-05,0,True
Hybrid CNN-Transformer,194,0,2.6e-05,0,True
Hybrid CNN-Transformer,195,0,7.7e-05,0,True
Hybrid CNN-Transformer,196,0,3.9e-05,0,True
Hybrid CNN-Transformer,197,0,6.7e-05,0,True
Hybrid CNN-Transformer,198,0,0.00022,0,True
Hybrid CNN-Transformer,199,0,3.1e-05,0,True
Hybrid CNN-Transformer,200,0,6.5e-05,0,True
Hybrid CNN-Transformer,201,0,4.9e-05,0,True
Hybrid CNN-Transformer,202,0,8.5e-05,0,True
Hybrid CNN-Transformer,203,0,0.0001,0,True
Hybrid CNN-Transformer,204,0,6.5e-05,0,True
Hybrid CNN-Transformer,205,0,3.3e-05,0,True
Hybrid CNN-Transformer,206,0,0.000277,0,True
Hybrid CNN-Transformer,207,0,8.1e-05,0,True
Hybrid CNN-Transformer,208,0,0.000128,0,True
Hybrid CNN-Transformer,209,0,3e-05,0,True
Hybrid CNN-Transformer,210,0,7.2e-05,0,True
Hybrid CNN-Transformer,211,0,8.7e-05,0,True
Hybrid CNN-Transformer,212,0,6.6e-05,0,True
Hybrid CNN-Transformer,213,0,0.000128,0,True
Hybrid CNN-Transformer,214,0,4.2e-05,0,True
Hybrid CNN-Transformer,215,0,6.5e-05,0,True
Hybrid CNN-Transformer,216,0,3.1e-05,0,True
Hybrid CNN-Transformer,217,0,4.9e-05,0,True
Hybrid CNN-Transformer,218,0,0.000112,0,True
Hybrid CNN-Transformer,219,0,3.8e-05,0,True
Hybrid CNN-Transformer,220,0,0.113343,0,True
Hybrid CNN-Transformer,221,0,0.000114,0,True
Hybrid CNN-Transformer,222,0,8.7e-05,0,True
Hybrid CNN-Transformer,223,0,0.000108,0,True
Hybrid CNN-Transformer,224,0,5.9e-05,0,True
Hybrid CNN-Transformer,225,0,3e-05,0,True
Hybrid CNN-Transformer,226,0,4.7e-05,0,True
Hybrid CNN-Transformer,227,0,4.4e-05,0,True
Hybrid CNN-Transformer,228,0,4.3e-05,0,True
Hybrid CNN-Transformer,229,0,8.4e-05,0,True
Hybrid CNN-Transformer,230,0,5e-05,0,True
Hybrid CNN-Transformer,231,0,0.000249,0,True
Hybrid CNN-Transformer,232,0,5.5e-05,0,True
Hybrid CNN-Transformer,233,0,3.4e-05,0,True
Hybrid CNN-Transformer,234,0,0.000119,0,True
Hybrid CNN-Transformer,235,0,3.2e-05,0,True
Hybrid CNN-Transformer,236,0,3.6e-05,0,True
Hybrid CNN-Transformer,237,0,7.2e-05,0,True
Hybrid CNN-Transformer,238,0,3e-05,0,True
Hybrid CNN-Transformer,239,0,6.3e-05,0,True
Hybrid CNN-Transformer,240,0,0.000118,0,True
Hybrid CNN-Transformer,241,0,0.000763,0,True
Hybrid CNN-Transformer,242,0,7.4e-05,0,True
Hybrid CNN-Transformer,243,0,7.5e-05,0,True
Hybrid CNN-Transformer,244,0,6.5e-05,0,True
Hybrid CNN-Transformer,245,0,8.1e-05,0,True
Hybrid CNN-Transformer,246,0,4.8e-05,0,True
Hybrid CNN-Transformer,247,0,5.5e-05,0,True
Hybrid CNN-Transformer,248,0,0.000125,0,True
Hybrid CNN-Transformer,249,0,4.8e-05,0,True
Hybrid CNN-Transformer,250,0,6.6e-05,0,True
Hybrid CNN-Transformer,251,0,6.1e-05,0,True
Hybrid CNN-Transformer,252,0,0.000149,0,True
Hybrid CNN-Transformer,253,0,7.7e-05,0,True
Hybrid CNN-Transformer,254,0,0.000194,0,True
Hybrid CNN-Transformer,255,0,0.00012,0,True
Hybrid CNN-Transformer,256,0,4.6e-05,0,True
Hybrid CNN-Transformer,257,0,7e-05,0,True
Hybrid CNN-Transformer,258,0,0.000291,0,True
Hybrid CNN-Transformer,259,0,3.2e-05,0,True
Hybrid CNN-Transformer,260,0,9.5e-05,0,True
Hybrid CNN-Transformer,261,0,9.6e-05,0,True
Hybrid CNN-Transformer,262,0,7.4e-05,0,True
Hybrid CNN-Transformer,263,0,6.6e-05,0,True
Hybrid CNN-Transformer,264,0,8.1e-05,0,True
Hybrid CNN-Transformer,265,0,0.000457,0,True
Hybrid CNN-Transformer,266,0,6.5e-05,0,True
Hybrid CNN-Transformer,267,0,7.7e-05,0,True
Hybrid CNN-Transformer,268,0,0.000162,0,True
Hybrid CNN-Transformer,269,0,2.5e-05,0,True
Hybrid CNN-Transformer,270,0,0.000275,0,True
Hybrid CNN-Transformer,271,0,4.6e-05,0,True
Hybrid CNN-Transformer,272,0,0.000107,0,True
Hybrid CNN-Transformer,273,0,5.1e-05,0,True
Hybrid CNN-Transformer,274,0,0.000494,0,True
Hybrid CNN-Transformer,275,0,3.8e-05,0,True
Hybrid CNN-Transformer,276,0,0.000115,0,True
Hybrid CNN-Transformer,277,0,6.9e-05,0,True
Hybrid CNN-Transformer,278,0,6e-05,0,True
Hybrid CNN-Transformer,279,0,0.000234,0,True
Hybrid CNN-Transformer,280,0,4.3e-05,0,True
Hybrid CNN-Transformer,281,0,4.1e-05,0,True
Hybrid CNN-Transformer,282,0,5.3e-05,0,True
Hybrid CNN-Transformer,283,0,4.6e-05,0,True
Hybrid CNN-Transformer,284,0,0.000235,0,True
Hybrid CNN-Transformer,285,0,7.2e-05,0,True
Hybrid CNN-Transformer,286,0,3.3e-05,0,True
Hybrid CNN-Transformer,287,0,3.5e-05,0,True
Hybrid CNN-Transformer,288,0,7.4e-05,0,True
Hybrid CNN-Transformer,289,0,5.7e-05,0,True
Hybrid CNN-Transformer,290,0,4.1e-05,0,True
Hybrid CNN-Transformer,291,0,7.3e-05,0,True
Hybrid CNN-Transformer,292,0,4.4e-05,0,True
Hybrid CNN-Transformer,293,0,3e-05,0,True
Hybrid CNN-Transformer,294,0,8.5e-05,0,True
Hybrid CNN-Transformer,295,0,0.00017,0,True
Hybrid CNN-Transformer,296,0,0.000153,0,True
Hybrid CNN-Transformer,297,0,4.5e-05,0,True
Hybrid CNN-Transformer,298,0,7.5e-05,0,True
Hybrid CNN-Transformer,299,0,0.001033,0,True
Hybrid CNN-Transformer,300,0,3.6e-05,0,True
Hybrid CNN-Transformer,301,0,0.000343,0,True
Hybrid CNN-Transformer,302,0,9.4e-05,0,True
Hybrid CNN-Transformer,303,0,0.000179,0,True
Hybrid CNN-Transformer,304,0,0.000143,0,True
Hybrid CNN-Transformer,305,0,7.8e-05,0,True
Hybrid CNN-Transformer,306,0,0.000213,0,True
Hybrid CNN-Transformer,307,0,7.9e-05,0,True
Hybrid CNN-Transformer,308,0,0.000323,0,True
Hybrid CNN-Transformer,309,0,4.3e-05,0,True
Hybrid CNN-Transformer,310,0,0.000123,0,True
Hybrid CNN-Transformer,311,0,3.9e-05,0,True
Hybrid CNN-Transformer,312,0,9.7e-05,0,True
Hybrid CNN-Transformer,313,0,0.000217,0,True
Hybrid CNN-Transformer,314,0,0.000188,0,True
Hybrid CNN-Transformer,315,0,7.8e-05,0,True
Hybrid CNN-Transformer,316,0,0.000391,0,True
Hybrid CNN-Transformer,317,0,3.2e-05,0,True
Hybrid CNN-Transformer,318,0,8.3e-05,0,True
Hybrid CNN-Transformer,319,0,8.7e-05,0,True
Hybrid CNN-Transformer,320,0,5.2e-05,0,True
Hybrid CNN-Transformer,321,0,5.9e-05,0,True
Hybrid CNN-Transformer,322,0,8.2e-05,0,True
Hybrid CNN-Transformer,323,0,4.2e-05,0,True
Hybrid CNN-Transformer,324,0,5.4e-05,0,True
Hybrid CNN-Transformer,325,0,7.2e-05,0,True
Hybrid CNN-Transformer,326,0,0.00025,0,True
Hybrid CNN-Transformer,327,0,0.001328,0,True
Hybrid CNN-Transformer,328,0,0.000118,0,True
Hybrid CNN-Transformer,329,0,9.8e-05,0,True
Hybrid CNN-Transformer,330,0,0.000175,0,True
Hybrid CNN-Transformer,331,0,0.000214,0,True
Hybrid CNN-Transformer,332,0,0.000228,0,True
Hybrid CNN-Transformer,333,0,0.003424,0,True
Hybrid CNN-Transformer,334,0,4.9e-05,0,True
Hybrid CNN-Transformer,335,0,0.005155,0,True
Hybrid CNN-Transformer,336,0,3.1e-05,0,True
Hybrid CNN-Transformer,337,0,0.357029,0,True
Hybrid CNN-Transformer,338,0,0.009541,0,True
Hybrid CNN-Transformer,339,0,9.3e-05,0,True
Hybrid CNN-Transformer,340,0,9.1e-05,0,True
Hybrid CNN-Transformer,341,0,6.1e-05,0,True
Hybrid CNN-Transformer,342,0,7.8e-05,0,True
Hybrid CNN-Transformer,343,0,0.000267,0,True
Hybrid CNN-Transformer,344,0,6.8e-05,0,True
Hybrid CNN-Transformer,345,0,9.6e-05,0,True
Hybrid CNN-Transformer,346,0,5.2e-05,0,True
Hybrid CNN-Transformer,347,0,0.000682,0,True
Hybrid CNN-Transformer,348,0,8.6e-05,0,True
Hybrid CNN-Transformer,349,0,7.8e-05,0,True
Hybrid CNN-Transformer,350,0,0.001864,0,True
Hybrid CNN-Transformer,351,0,0.00013,0,True
Hybrid CNN-Transformer,352,0,0.000396,0,True
Hybrid CNN-Transformer,353,0,5.3e-05,0,True
Hybrid CNN-Transformer,354,0,0.000121,0,True
Hybrid CNN-Transformer,355,0,0.000154,0,True
Hybrid CNN-Transformer,356,0,0.000573,0,True
Hybrid CNN-Transformer,357,0,9.3e-05,0,True
Hybrid CNN-Transformer,358,0,0.001936,0,True
Hybrid CNN-Transformer,359,0,0.000442,0,True
Hybrid CNN-Transformer,360,0,4.7e-05,0,True
Hybrid CNN-Transformer,361,0,6.1e-05,0,True
Hybrid CNN-Transformer,362,0,0.000229,0,True
Hybrid CNN-Transformer,363,0,5.6e-05,0,True
Hybrid CNN-Transformer,364,0,0.000177,0,True
Hybrid CNN-Transformer,365,0,0.000102,0,True
Hybrid CNN-Transformer,366,0,0.000617,0,True
Hybrid CNN-Transformer,367,0,0.000112,0,True
Hybrid CNN-Transformer,368,0,5.1e-05,0,True
Hybrid CNN-Transformer,369,0,0.000308,0,True
Hybrid CNN-Transformer,370,0,6.3e-05,0,True
Hybrid CNN-Transformer,371,0,0.000108,0,True
Hybrid CNN-Transformer,372,0,0.000475,0,True
Hybrid CNN-Transformer,373,0,0.000123,0,True
Hybrid CNN-Transformer,374,0,0.000125,0,True
Hybrid CNN-Transformer,375,0,4.7e-05,0,True
Hybrid CNN-Transformer,376,0,0.00031,0,True
Hybrid CNN-Transformer,377,0,0.000275,0,True
Hybrid CNN-Transformer,378,0,0.00041,0,True
Hybrid CNN-Transformer,379,0,0.000217,0,True
Hybrid CNN-Transformer,380,0,6.6e-05,0,True
Hybrid CNN-Transformer,381,0,0.000419,0,True
Hybrid CNN-Transformer,382,0,5.9e-05,0,True
Hybrid CNN-Transformer,383,0,0.000155,0,True
Hybrid CNN-Transformer,384,0,7.3e-05,0,True
Hybrid CNN-Transformer,385,0,7.2e-05,0,True
Hybrid CNN-Transformer,386,0,0.000873,0,True
Hybrid CNN-Transformer,387,0,6.5e-05,0,True
Hybrid CNN-Transformer,388,0,0.00021,0,True
Hybrid CNN-Transformer,389,0,0.000245,0,True
Hybrid CNN-Transformer,390,0,5.4e-05,0,True
Hybrid CNN-Transformer,391,0,0.000154,0,True
Hybrid CNN-Transformer,392,0,8.6e-05,0,True
Hybrid CNN-Transformer,393,0,5.1e-05,0,True
Hybrid CNN-Transformer,394,0,6.6e-05,0,True
Hybrid CNN-Transformer,395,0,4.5e-05,0,True
Hybrid CNN-Transformer,396,0,0.000981,0,True
Hybrid CNN-Transformer,397,0,6.3e-05,0,True
Hybrid CNN-Transformer,398,0,6.5e-05,0,True
Hybrid CNN-Transformer,399,0,7.6e-05,0,True
Hybrid CNN-Transformer,400,0,9.4e-05,0,True
Hybrid CNN-Transformer,401,0,0.000382,0,True
Hybrid CNN-Transformer,402,0,0.003109,0,True
Hybrid CNN-Transformer,403,0,0.000124,0,True
Hybrid CNN-Transformer,404,0,0.00011,0,True
Hybrid CNN-Transformer,405,0,0.000321,0,True
Hybrid CNN-Transformer,406,0,0.000163,0,True
Hybrid CNN-Transformer,407,0,9.6e-05,0,True
Hybrid CNN-Transformer,408,0,0.000211,0,True
Hybrid CNN-Transformer,409,0,0.000192,0,True
Hybrid CNN-Transformer,410,0,0.000123,0,True
Hybrid CNN-Transformer,411,0,6.7e-05,0,True
Hybrid CNN-Transformer,412,0,0.000203,0,True
Hybrid CNN-Transformer,413,0,6.5e-05,0,True
Hybrid CNN-Transformer,414,0,0.000142,0,True
Hybrid CNN-Transformer,415,0,6.5e-05,0,True
Hybrid CNN-Transformer,416,0,4.8e-05,0,True
Hybrid CNN-Transformer,417,0,0.002027,0,True
Hybrid CNN-Transformer,418,0,0.000125,0,True
Hybrid CNN-Transformer,419,0,5.7e-05,0,True
Hybrid CNN-Transformer,420,0,0.00013,0,True
Hybrid CNN-Transformer,421,0,0.064163,0,True
Hybrid CNN-Transformer,422,0,9.7e-05,0,True
Hybrid CNN-Transformer,423,0,4.6e-05,0,True
Hybrid CNN-Transformer,424,0,0.000129,0,True
Hybrid CNN-Transformer,425,0,0.000157,0,True
Hybrid CNN-Transformer,426,0,6.4e-05,0,True
Hybrid CNN-Transformer,427,0,0.000422,0,True
Hybrid CNN-Transformer,428,0,8.2e-05,0,True
Hybrid CNN-Transformer,429,0,7.6e-05,0,True
Hybrid CNN-Transformer,430,0,0.000174,0,True
Hybrid CNN-Transformer,431,0,6.4e-05,0,True
Hybrid CNN-Transformer,432,0,0.000125,0,True
Hybrid CNN-Transformer,433,0,0.000352,0,True
Hybrid CNN-Transformer,434,0,3.8e-05,0,True
Hybrid CNN-Transformer,435,0,0.00078,0,True
Hybrid CNN-Transformer,436,0,5.5e-05,0,True
Hybrid CNN-Transformer,437,0,0.000121,0,True
Hybrid CNN-Transformer,438,0,0.000373,0,True
Hybrid CNN-Transformer,439,0,0.000124,0,True
Hybrid CNN-Transformer,440,0,0.000348,0,True
Hybrid CNN-Transformer,441,0,0.004008,0,True
Hybrid CNN-Transformer,442,0,3.3e-05,0,True
Hybrid CNN-Transformer,443,0,7.1e-05,0,True
Hybrid CNN-Transformer,444,0,6.7e-05,0,True
Hybrid CNN-Transformer,445,0,5.6e-05,0,True
Hybrid CNN-Transformer,446,0,4.1e-05,0,True
Hybrid CNN-Transformer,447,0,0.000438,0,True
Hybrid CNN-Transformer,448,0,7.6e-05,0,True
Hybrid CNN-Transformer,449,0,0.000313,0,True
Hybrid CNN-Transformer,450,0,0.000137,0,True
Hybrid CNN-Transformer,451,0,0.00012,0,True
Hybrid CNN-Transformer,452,0,4.2e-05,0,True
Hybrid CNN-Transformer,453,0,4.7e-05,0,True
Hybrid CNN-Transformer,454,0,7e-05,0,True
Hybrid CNN-Transformer,455,0,0.000161,0,True
Hybrid CNN-Transformer,456,0,9.9e-05,0,True
Hybrid CNN-Transformer,457,0,7.6e-05,0,True
Hybrid CNN-Transformer,458,0,8.4e-05,0,True
Hybrid CNN-Transformer,459,0,0.000208,0,True
Hybrid CNN-Transformer,460,0,5.9e-05,0,True
Hybrid CNN-Transformer,461,0,4.4e-05,0,True
Hybrid CNN-Transformer,462,0,0.000204,0,True
Hybrid CNN-Transformer,463,0,0.00062,0,True
Hybrid CNN-Transformer,464,0,0.000101,0,True
Hybrid CNN-Transformer,465,0,0.012219,0,True
Hybrid CNN-Transformer,466,0,6.5e-05,0,True
Hybrid CNN-Transformer,467,0,0.000177,0,True
Hybrid CNN-Transformer,468,0,9.5e-05,0,True
Hybrid CNN-Transformer,469,0,6.1e-05,0,True
Hybrid CNN-Transformer,470,0,0.000417,0,True
Hybrid CNN-Transformer,471,0,0.000818,0,True
Hybrid CNN-Transformer,472,0,0.000272,0,True
Hybrid CNN-Transformer,473,0,7.2e-05,0,True
Hybrid CNN-Transformer,474,0,0.011016,0,True
Hybrid CNN-Transformer,475,0,0.000366,0,True
Hybrid CNN-Transformer,476,0,9.5e-05,0,True
Hybrid CNN-Transformer,477,0,7.7e-05,0,True
Hybrid CNN-Transformer,478,0,6.2e-05,0,True
Hybrid CNN-Transformer,479,0,0.000123,0,True
Hybrid CNN-Transformer,480,0,5.9e-05,0,True
Hybrid CNN-Transformer,481,0,0.000242,0,True
Hybrid CNN-Transformer,482,0,5.1e-05,0,True
Hybrid CNN-Transformer,483,0,5e-05,0,True
Hybrid CNN-Transformer,484,0,6.4e-05,0,True
Hybrid CNN-Transformer,485,0,0.000756,0,True
Hybrid CNN-Transformer,486,0,0.000262,0,True
Hybrid CNN-Transformer,487,0,7.5e-05,0,True
Hybrid CNN-Transformer,488,0,0.000106,0,True
Hybrid CNN-Transformer,489,0,9.9e-05,0,True
Hybrid CNN-Transformer,490,0,0.000124,0,True
Hybrid CNN-Transformer,491,0,4.7e-05,0,True
Hybrid CNN-Transformer,492,0,0.000119,0,True
Hybrid CNN-Transformer,493,0,8.7e-05,0,True
Hybrid CNN-Transformer,494,0,0.000432,0,True
Hybrid CNN-Transformer,495,0,0.000836,0,True
Hybrid CNN-Transformer,496,0,4.1e-05,0,True
Hybrid CNN-Transformer,497,0,0.000131,0,True
Hybrid CNN-Transformer,498,0,0.000207,0,True
Hybrid CNN-Transformer,499,0,0.000139,0,True
Hybrid CNN-Transformer,500,0,0.00024,0,True
Hybrid CNN-Transformer,501,0,3.1e-05,0,True
Hybrid CNN-Transformer,502,0,8.1e-05,0,True
Hybrid CNN-Transformer,503,0,2.9e-05,0,True
Hybrid CNN-Transformer,504,0,0.00037,0,True
Hybrid CNN-Transformer,505,0,8.1e-05,0,True
Hybrid CNN-Transformer,506,0,0.000115,0,True
Hybrid CNN-Transformer,507,0,9.5e-05,0,True
Hybrid CNN-Transformer,508,0,5.6e-05,0,True
Hybrid CNN-Transformer,509,0,7.1e-05,0,True
Hybrid CNN-Transformer,510,0,7.6e-05,0,True
Hybrid CNN-Transformer,511,0,0.000147,0,True
Hybrid CNN-Transformer,512,0,5.9e-05,0,True
Hybrid CNN-Transformer,513,0,0.000371,0,True
Hybrid CNN-Transformer,514,0,6.3e-05,0,True
Hybrid CNN-Transformer,515,0,4.9e-05,0,True
Hybrid CNN-Transformer,516,0,0.000346,0,True
Hybrid CNN-Transformer,517,0,7.8e-05,0,True
Hybrid CNN-Transformer,518,0,0.000117,0,True
Hybrid CNN-Transformer,519,0,0.00049,0,True
Hybrid CNN-Transformer,520,0,4.2e-05,0,True
Hybrid CNN-Transformer,521,0,8.9e-05,0,True
Hybrid CNN-Transformer,522,0,8.5e-05,0,True
Hybrid CNN-Transformer,523,0,4.4e-05,0,True
Hybrid CNN-Transformer,524,0,9.2e-05,0,True
Hybrid CNN-Transformer,525,0,5.2e-05,0,True
Hybrid CNN-Transformer,526,0,0.000147,0,True
Hybrid CNN-Transformer,527,0,5.8e-05,0,True
Hybrid CNN-Transformer,528,0,0.000239,0,True
Hybrid CNN-Transformer,529,0,0.000129,0,True
Hybrid CNN-Transformer,530,0,6.6e-05,0,True
Hybrid CNN-Transformer,531,0,6e-05,0,True
Hybrid CNN-Transformer,532,0,0.000262,0,True
Hybrid CNN-Transformer,533,0,0.00014,0,True
Hybrid CNN-Transformer,534,0,0.000223,0,True
Hybrid CNN-Transformer,535,0,7.5e-05,0,True
Hybrid CNN-Transformer,536,0,0.000135,0,True
Hybrid CNN-Transformer,537,0,6.6e-05,0,True
Hybrid CNN-Transformer,538,0,5.3e-05,0,True
Hybrid CNN-Transformer,539,0,3.3e-05,0,True
Hybrid CNN-Transformer,540,0,0.000478,0,True
Hybrid CNN-Transformer,541,0,5.5e-05,0,True
Hybrid CNN-Transformer,542,0,5.2e-05,0,True
Hybrid CNN-Transformer,543,0,8.2e-05,0,True
Hybrid CNN-Transformer,544,0,0.000103,0,True
Hybrid CNN-Transformer,545,0,0.000198,0,True
Hybrid CNN-Transformer,546,0,0.000151,0,True
Hybrid CNN-Transformer,547,0,0.000337,0,True
Hybrid CNN-Transformer,548,0,5.6e-05,0,True
Hybrid CNN-Transformer,549,0,5.5e-05,0,True
Hybrid CNN-Transformer,550,0,7.6e-05,0,True
Hybrid CNN-Transformer,551,0,8.5e-05,0,True
Hybrid CNN-Transformer,552,0,0.000129,0,True
Hybrid CNN-Transformer,553,0,0.000113,0,True
Hybrid CNN-Transformer,554,0,7.5e-05,0,True
Hybrid CNN-Transformer,555,0,5.8e-05,0,True
Hybrid CNN-Transformer,556,0,0.000166,0,True
Hybrid CNN-Transformer,557,0,0.875216,1,False
Hybrid CNN-Transformer,558,0,7.2e-05,0,True
Hybrid CNN-Transformer,559,0,0.000342,0,True
Hybrid CNN-Transformer,560,0,8.7e-05,0,True
Hybrid CNN-Transformer,561,0,3.4e-05,0,True
Hybrid CNN-Transformer,562,0,0.00011,0,True
Hybrid CNN-Transformer,563,0,0.000737,0,True
Hybrid CNN-Transformer,564,0,6.2e-05,0,True
Hybrid CNN-Transformer,565,0,0.005927,0,True
Hybrid CNN-Transformer,566,0,0.000155,0,True
Hybrid CNN-Transformer,567,0,0.000113,0,True
Hybrid CNN-Transformer,568,0,0.000259,0,True
Hybrid CNN-Transformer,569,0,0.448033,0,True
Hybrid CNN-Transformer,570,0,0.00596,0,True
Hybrid CNN-Transformer,571,0,4.2e-05,0,True
Hybrid CNN-Transformer,572,0,0.000144,0,True
Hybrid CNN-Transformer,573,0,0.000222,0,True
Hybrid CNN-Transformer,574,0,0.000159,0,True
Hybrid CNN-Transformer,575,0,4.3e-05,0,True
Hybrid CNN-Transformer,576,0,0.000103,0,True
Hybrid CNN-Transformer,577,0,3.3e-05,0,True
Hybrid CNN-Transformer,578,0,9.8e-05,0,True
Hybrid CNN-Transformer,579,0,0.057806,0,True
Hybrid CNN-Transformer,580,0,3.2e-05,0,True
Hybrid CNN-Transformer,581,0,5.7e-05,0,True
Hybrid CNN-Transformer,582,0,0.000136,0,True
Hybrid CNN-Transformer,583,0,7.8e-05,0,True
Hybrid CNN-Transformer,584,0,0.000239,0,True
Hybrid CNN-Transformer,585,0,0.000137,0,True
Hybrid CNN-Transformer,586,0,4.4e-05,0,True
Hybrid CNN-Transformer,587,0,0.00013,0,True
Hybrid CNN-Transformer,588,0,0.000263,0,True
Hybrid CNN-Transformer,589,0,0.003821,0,True
Hybrid CNN-Transformer,590,0,0.000327,0,True
Hybrid CNN-Transformer,591,0,0.000668,0,True
Hybrid CNN-Transformer,592,0,4.9e-05,0,True
Hybrid CNN-Transformer,593,0,7.6e-05,0,True
Hybrid CNN-Transformer,594,0,9.3e-05,0,True
Hybrid CNN-Transformer,595,0,6e-05,0,True
Hybrid CNN-Transformer,596,0,0.000633,0,True
Hybrid CNN-Transformer,597,0,6.1e-05,0,True
Hybrid CNN-Transformer,598,0,0.001,0,True
Hybrid CNN-Transformer,599,0,5.6e-05,0,True
Hybrid CNN-Transformer,600,0,0.000183,0,True
Hybrid CNN-Transformer,601,0,3.2e-05,0,True
Hybrid CNN-Transformer,602,0,5.8e-05,0,True
Hybrid CNN-Transformer,603,0,4.4e-05,0,True
Hybrid CNN-Transformer,604,0,0.000255,0,True
Hybrid CNN-Transformer,605,0,0.001736,0,True
Hybrid CNN-Transformer,606,0,0.000149,0,True
Hybrid CNN-Transformer,607,0,0.000302,0,True
Hybrid CNN-Transformer,608,0,0.000262,0,True
Hybrid CNN-Transformer,609,0,6.6e-05,0,True
Hybrid CNN-Transformer,610,0,0.000129,0,True
Hybrid CNN-Transformer,611,0,8.2e-05,0,True
Hybrid CNN-Transformer,612,0,0.000117,0,True
Hybrid CNN-Transformer,613,0,0.000156,0,True
Hybrid CNN-Transformer,614,0,6.6e-05,0,True
Hybrid CNN-Transformer,615,0,3.6e-05,0,True
Hybrid CNN-Transformer,616,0,4.2e-05,0,True
Hybrid CNN-Transformer,617,0,9.3e-05,0,True
Hybrid CNN-Transformer,618,0,0.000146,0,True
Hybrid CNN-Transformer,619,0,0.0001,0,True
Hybrid CNN-Transformer,620,0,4.7e-05,0,True
Hybrid CNN-Transformer,621,0,0.000121,0,True
Hybrid CNN-Transformer,622,0,5.1e-05,0,True
Hybrid CNN-Transformer,623,0,0.043168,0,True
Hybrid CNN-Transformer,624,0,0.000127,0,True
Hybrid CNN-Transformer,625,0,0.000112,0,True
Hybrid CNN-Transformer,626,0,0.000101,0,True
Hybrid CNN-Transformer,627,0,0.000421,0,True
Hybrid CNN-Transformer,628,0,0.000121,0,True
Hybrid CNN-Transformer,629,0,9.2e-05,0,True
Hybrid CNN-Transformer,630,0,0.000653,0,True
Hybrid CNN-Transformer,631,0,0.000215,0,True
Hybrid CNN-Transformer,632,0,4.9e-05,0,True
Hybrid CNN-Transformer,633,0,4e-05,0,True
Hybrid CNN-Transformer,634,0,7.3e-05,0,True
Hybrid CNN-Transformer,635,0,8e-05,0,True
Hybrid CNN-Transformer,636,0,5.1e-05,0,True
Hybrid CNN-Transformer,637,0,6.8e-05,0,True
Hybrid CNN-Transformer,638,0,0.000154,0,True
Hybrid CNN-Transformer,639,0,4.5e-05,0,True
Hybrid CNN-Transformer,640,0,0.000106,0,True
Hybrid CNN-Transformer,641,0,0.00011,0,True
Hybrid CNN-Transformer,642,0,6.5e-05,0,True
Hybrid CNN-Transformer,643,0,0.000113,0,True
Hybrid CNN-Transformer,644,0,0.000146,0,True
Hybrid CNN-Transformer,645,0,3.3e-05,0,True
Hybrid CNN-Transformer,646,0,8.8e-05,0,True
Hybrid CNN-Transformer,647,0,0.000222,0,True
Hybrid CNN-Transformer,648,0,3.2e-05,0,True
Hybrid CNN-Transformer,649,0,3.5e-05,0,True
Hybrid CNN-Transformer,650,0,0.000376,0,True
Hybrid CNN-Transformer,651,0,8.3e-05,0,True
Hybrid CNN-Transformer,652,0,0.000124,0,True
Hybrid CNN-Transformer,653,0,0.000602,0,True
Hybrid CNN-Transformer,654,0,0.000133,0,True
Hybrid CNN-Transformer,655,0,4.3e-05,0,True
Hybrid CNN-Transformer,656,0,0.000112,0,True
Hybrid CNN-Transformer,657,0,9.3e-05,0,True
Hybrid CNN-Transformer,658,0,4.9e-05,0,True
Hybrid CNN-Transformer,659,0,7.8e-05,0,True
Hybrid CNN-Transformer,660,0,6.2e-05,0,True
Hybrid CNN-Transformer,661,0,5.2e-05,0,True
Hybrid CNN-Transformer,662,0,0.000319,0,True
Hybrid CNN-Transformer,663,0,0.00012,0,True
Hybrid CNN-Transformer,664,0,7.7e-05,0,True
Hybrid CNN-Transformer,665,0,0.000159,0,True
Hybrid CNN-Transformer,666,0,3.8e-05,0,True
Hybrid CNN-Transformer,667,0,6.6e-05,0,True
Hybrid CNN-Transformer,668,0,6.9e-05,0,True
Hybrid CNN-Transformer,669,0,0.000121,0,True
Hybrid CNN-Transformer,670,0,9.9e-05,0,True
Hybrid CNN-Transformer,671,0,0.000212,0,True
Hybrid CNN-Transformer,672,0,8.2e-05,0,True
Hybrid CNN-Transformer,673,0,8.8e-05,0,True
Hybrid CNN-Transformer,674,0,4.3e-05,0,True
Hybrid CNN-Transformer,675,0,4e-05,0,True
Hybrid CNN-Transformer,676,0,6.1e-05,0,True
Hybrid CNN-Transformer,677,0,4.4e-05,0,True
Hybrid CNN-Transformer,678,0,0.000302,0,True
Hybrid CNN-Transformer,679,0,8e-05,0,True
Hybrid CNN-Transformer,680,0,4.4e-05,0,True
Hybrid CNN-Transformer,681,0,4.3e-05,0,True
Hybrid CNN-Transformer,682,0,6.5e-05,0,True
Hybrid CNN-Transformer,683,0,0.000594,0,True
Hybrid CNN-Transformer,684,0,0.00016,0,True
Hybrid CNN-Transformer,685,0,0.000252,0,True
Hybrid CNN-Transformer,686,0,0.0001,0,True
Hybrid CNN-Transformer,687,0,0.000638,0,True
Hybrid CNN-Transformer,688,0,3.6e-05,0,True
Hybrid CNN-Transformer,689,0,5.1e-05,0,True
Hybrid CNN-Transformer,690,0,0.000119,0,True
Hybrid CNN-Transformer,691,0,9.6e-05,0,True
Hybrid CNN-Transformer,692,0,8.9e-05,0,True
Hybrid CNN-Transformer,693,0,9.4e-05,0,True
Hybrid CNN-Transformer,694,0,0.000582,0,True
Hybrid CNN-Transformer,695,0,5.9e-05,0,True
Hybrid CNN-Transformer,696,0,0.000218,0,True
Hybrid CNN-Transformer,697,0,0.000111,0,True
Hybrid CNN-Transformer,698,0,0.000132,0,True
Hybrid CNN-Transformer,699,0,6.5e-05,0,True
Hybrid CNN-Transformer,700,0,4.5e-05,0,True
Hybrid CNN-Transformer,701,0,8.5e-05,0,True
Hybrid CNN-Transformer,702,0,6.1e-05,0,True
Hybrid CNN-Transformer,703,0,0.021328,0,True
Hybrid CNN-Transformer,704,0,8.3e-05,0,True
Hybrid CNN-Transformer,705,0,0.000164,0,True
Hybrid CNN-Transformer,706,0,6.3e-05,0,True
Hybrid CNN-Transformer,707,0,0.000606,0,True
Hybrid CNN-Transformer,708,0,0.000105,0,True
Hybrid CNN-Transformer,709,0,0.000655,0,True
Hybrid CNN-Transformer,710,0,0.000107,0,True
Hybrid CNN-Transformer,711,0,0.001147,0,True
Hybrid CNN-Transformer,712,0,4.2e-05,0,True
Hybrid CNN-Transformer,713,0,0.00017,0,True
Hybrid CNN-Transformer,714,0,0.000118,0,True
Hybrid CNN-Transformer,715,0,8.3e-05,0,True
Hybrid CNN-Transformer,716,0,4.2e-05,0,True
Hybrid CNN-Transformer,717,0,0.000322,0,True
Hybrid CNN-Transformer,718,0,3.7e-05,0,True
Hybrid CNN-Transformer,719,0,4.5e-05,0,True
Hybrid CNN-Transformer,720,0,4.2e-05,0,True
Hybrid CNN-Transformer,721,0,0.000209,0,True
Hybrid CNN-Transformer,722,0,8.7e-05,0,True
Hybrid CNN-Transformer,723,0,3.3e-05,0,True
Hybrid CNN-Transformer,724,0,9.5e-05,0,True
Hybrid CNN-Transformer,725,0,0.000218,0,True
Hybrid CNN-Transformer,726,0,5.4e-05,0,True
Hybrid CNN-Transformer,727,0,0.000225,0,True
Hybrid CNN-Transformer,728,0,4.5e-05,0,True
Hybrid CNN-Transformer,729,0,0.000364,0,True
Hybrid CNN-Transformer,730,0,8.3e-05,0,True
Hybrid CNN-Transformer,731,0,9e-05,0,True
Hybrid CNN-Transformer,732,0,6e-05,0,True
Hybrid CNN-Transformer,733,0,9.9e-05,0,True
Hybrid CNN-Transformer,734,0,0.000171,0,True
Hybrid CNN-Transformer,735,0,3.3e-05,0,True
Hybrid CNN-Transformer,736,0,0.000136,0,True
Hybrid CNN-Transformer,737,0,5e-05,0,True
Hybrid CNN-Transformer,738,0,8.3e-05,0,True
Hybrid CNN-Transformer,739,0,0.000751,0,True
Hybrid CNN-Transformer,740,0,7.5e-05,0,True
Hybrid CNN-Transformer,741,0,0.932317,1,False
Hybrid CNN-Transformer,742,0,5.9e-05,0,True
Hybrid CNN-Transformer,743,0,0.000109,0,True
Hybrid CNN-Transformer,744,0,5.5e-05,0,True
Hybrid CNN-Transformer,745,0,0.000151,0,True
Hybrid CNN-Transformer,746,0,4.7e-05,0,True
Hybrid CNN-Transformer,747,0,0.000167,0,True
Hybrid CNN-Transformer,748,0,9.8e-05,0,True
Hybrid CNN-Transformer,749,0,0.000207,0,True
Hybrid CNN-Transformer,750,0,0.000195,0,True
Hybrid CNN-Transformer,751,0,7.5e-05,0,True
Hybrid CNN-Transformer,752,0,0.001112,0,True
Hybrid CNN-Transformer,753,0,5.2e-05,0,True
Hybrid CNN-Transformer,754,0,7.6e-05,0,True
Hybrid CNN-Transformer,755,0,6e-05,0,True
Hybrid CNN-Transformer,756,0,9.4e-05,0,True
Hybrid CNN-Transformer,757,0,7.9e-05,0,True
Hybrid CNN-Transformer,758,0,5.8e-05,0,True
Hybrid CNN-Transformer,759,0,4.8e-05,0,True
Hybrid CNN-Transformer,760,0,5.8e-05,0,True
Hybrid CNN-Transformer,761,0,0.000175,0,True
Hybrid CNN-Transformer,762,0,0.000277,0,True
Hybrid CNN-Transformer,763,0,0.000119,0,True
Hybrid CNN-Transformer,764,0,9.9e-05,0,True
Hybrid CNN-Transformer,765,0,0.724966,1,False
Hybrid CNN-Transformer,766,0,8.5e-05,0,True
Hybrid CNN-Transformer,767,0,4.4e-05,0,True
Hybrid CNN-Transformer,768,0,0.134897,0,True
Hybrid CNN-Transformer,769,0,0.000101,0,True
Hybrid CNN-Transformer,770,0,9.9e-05,0,True
Hybrid CNN-Transformer,771,0,0.000199,0,True
Hybrid CNN-Transformer,772,0,5.2e-05,0,True
Hybrid CNN-Transformer,773,0,0.000196,0,True
Hybrid CNN-Transformer,774,0,0.000115,0,True
Hybrid CNN-Transformer,775,0,0.000113,0,True
Hybrid CNN-Transformer,776,0,0.000143,0,True
Hybrid CNN-Transformer,777,0,7.4e-05,0,True
Hybrid CNN-Transformer,778,0,3.9e-05,0,True
Hybrid CNN-Transformer,779,0,4.9e-05,0,True
Hybrid CNN-Transformer,780,0,0.000117,0,True
Hybrid CNN-Transformer,781,0,0.000125,0,True
Hybrid CNN-Transformer,782,0,0.000194,0,True
Hybrid CNN-Transformer,783,0,7.9e-05,0,True
Hybrid CNN-Transformer,784,0,0.000202,0,True
Hybrid CNN-Transformer,785,0,0.000245,0,True
Hybrid CNN-Transformer,786,0,6.2e-05,0,True
Hybrid CNN-Transformer,787,0,0.000313,0,True
Hybrid CNN-Transformer,788,0,0.000299,0,True
Hybrid CNN-Transformer,789,0,8.1e-05,0,True
Hybrid CNN-Transformer,790,0,0.000125,0,True
Hybrid CNN-Transformer,791,0,0.000127,0,True
Hybrid CNN-Transformer,792,0,9.5e-05,0,True
Hybrid CNN-Transformer,793,0,5.8e-05,0,True
Hybrid CNN-Transformer,794,0,4.7e-05,0,True
Hybrid CNN-Transformer,795,0,7.4e-05,0,True
Hybrid CNN-Transformer,796,0,7.6e-05,0,True
Hybrid CNN-Transformer,797,0,7.7e-05,0,True
Hybrid CNN-Transformer,798,0,7e-05,0,True
Hybrid CNN-Transformer,799,0,4.2e-05,0,True
Hybrid CNN-Transformer,800,0,4.8e-05,0,True
Hybrid CNN-Transformer,801,0,4.2e-05,0,True
Hybrid CNN-Transformer,802,0,5.6e-05,0,True
Hybrid CNN-Transformer,803,0,3.3e-05,0,True
Hybrid CNN-Transformer,804,0,6.1e-05,0,True
Hybrid CNN-Transformer,805,0,6.2e-05,0,True
Hybrid CNN-Transformer,806,0,0.000131,0,True
Hybrid CNN-Transformer,807,0,8.8e-05,0,True
Hybrid CNN-Transformer,808,0,5.5e-05,0,True
Hybrid CNN-Transformer,809,0,9.6e-05,0,True
Hybrid CNN-Transformer,810,0,0.021743,0,True
Hybrid CNN-Transformer,811,0,3.5e-05,0,True
Hybrid CNN-Transformer,812,0,0.000122,0,True
Hybrid CNN-Transformer,813,0,0.000512,0,True
Hybrid CNN-Transformer,814,0,3.3e-05,0,True
Hybrid CNN-Transformer,815,0,4.4e-05,0,True
Hybrid CNN-Transformer,816,0,7.5e-05,0,True
Hybrid CNN-Transformer,817,0,8.6e-05,0,True
Hybrid CNN-Transformer,818,0,0.000258,0,True
Hybrid CNN-Transformer,819,0,6.5e-05,0,True
Hybrid CNN-Transformer,820,0,0.000101,0,True
Hybrid CNN-Transformer,821,0,7.1e-05,0,True
Hybrid CNN-Transformer,822,0,0.000411,0,True
Hybrid CNN-Transformer,823,0,3.4e-05,0,True
Hybrid CNN-Transformer,824,0,5.4e-05,0,True
Hybrid CNN-Transformer,825,0,9.9e-05,0,True
Hybrid CNN-Transformer,826,0,0.000223,0,True
Hybrid CNN-Transformer,827,0,6.3e-05,0,True
Hybrid CNN-Transformer,828,0,0.000103,0,True
Hybrid CNN-Transformer,829,0,0.000363,0,True
Hybrid CNN-Transformer,830,0,8.8e-05,0,True
Hybrid CNN-Transformer,831,0,5e-05,0,True
Hybrid CNN-Transformer,832,0,2.7e-05,0,True
Hybrid CNN-Transformer,833,0,6.5e-05,0,True
Hybrid CNN-Transformer,834,0,4.7e-05,0,True
Hybrid CNN-Transformer,835,0,4.4e-05,0,True
Hybrid CNN-Transformer,836,0,3.9e-05,0,True
Hybrid CNN-Transformer,837,0,0.000734,0,True
Hybrid CNN-Transformer,838,0,7.6e-05,0,True
Hybrid CNN-Transformer,839,0,8.1e-05,0,True
Hybrid CNN-Transformer,840,0,5.4e-05,0,True
Hybrid CNN-Transformer,841,0,5.8e-05,0,True
Hybrid CNN-Transformer,842,0,7.9e-05,0,True
Hybrid CNN-Transformer,843,0,0.000113,0,True
Hybrid CNN-Transformer,844,0,0.000215,0,True
Hybrid CNN-Transformer,845,0,5.8e-05,0,True
Hybrid CNN-Transformer,846,0,6.9e-05,0,True
Hybrid CNN-Transformer,847,0,0.000109,0,True
Hybrid CNN-Transformer,848,0,5.8e-05,0,True
Hybrid CNN-Transformer,849,0,4.8e-05,0,True
Hybrid CNN-Transformer,850,0,0.000117,0,True
Hybrid CNN-Transformer,851,0,6.3e-05,0,True
Hybrid CNN-Transformer,852,0,3.8e-05,0,True
Hybrid CNN-Transformer,853,0,6.8e-05,0,True
Hybrid CNN-Transformer,854,0,7.4e-05,0,True
Hybrid CNN-Transformer,855,0,0.000103,0,True
Hybrid CNN-Transformer,856,0,0.002022,0,True
Hybrid CNN-Transformer,857,0,4.9e-05,0,True
Hybrid CNN-Transformer,858,0,6e-05,0,True
Hybrid CNN-Transformer,859,0,3.9e-05,0,True
Hybrid CNN-Transformer,860,0,5.4e-05,0,True
Hybrid CNN-Transformer,861,0,0.000225,0,True
Hybrid CNN-Transformer,862,0,0.004025,0,True
Hybrid CNN-Transformer,863,0,0.000469,0,True
Hybrid CNN-Transformer,864,0,4.3e-05,0,True
Hybrid CNN-Transformer,865,0,0.000135,0,True
Hybrid CNN-Transformer,866,0,0.002594,0,True
Hybrid CNN-Transformer,867,0,0.000492,0,True
Hybrid CNN-Transformer,868,0,8.4e-05,0,True
Hybrid CNN-Transformer,869,0,0.000808,0,True
Hybrid CNN-Transformer,870,0,0.006229,0,True
Hybrid CNN-Transformer,871,0,2.7e-05,0,True
Hybrid CNN-Transformer,872,0,0.000136,0,True
Hybrid CNN-Transformer,873,0,0.000629,0,True
Hybrid CNN-Transformer,874,0,3e-05,0,True
Hybrid CNN-Transformer,875,0,0.000399,0,True
Hybrid CNN-Transformer,876,0,5e-05,0,True
Hybrid CNN-Transformer,877,0,4.3e-05,0,True
Hybrid CNN-Transformer,878,0,5.2e-05,0,True
Hybrid CNN-Transformer,879,0,0.00012,0,True
Hybrid CNN-Transformer,880,0,0.00015,0,True
Hybrid CNN-Transformer,881,0,9.2e-05,0,True
Hybrid CNN-Transformer,882,0,0.000219,0,True
Hybrid CNN-Transformer,883,0,4.4e-05,0,True
Hybrid CNN-Transformer,884,0,0.000217,0,True
Hybrid CNN-Transformer,885,0,0.00035,0,True
Hybrid CNN-Transformer,886,0,6.4e-05,0,True
Hybrid CNN-Transformer,887,0,0.000296,0,True
Hybrid CNN-Transformer,888,0,4.9e-05,0,True
Hybrid CNN-Transformer,889,0,7.2e-05,0,True
Hybrid CNN-Transformer,890,0,5.4e-05,0,True
Hybrid CNN-Transformer,891,0,0.000111,0,True
Hybrid CNN-Transformer,892,0,7.3e-05,0,True
Hybrid CNN-Transformer,893,0,6.5e-05,0,True
Hybrid CNN-Transformer,894,0,5.8e-05,0,True
Hybrid CNN-Transformer,895,0,0.00103,0,True
Hybrid CNN-Transformer,896,0,0.000122,0,True
Hybrid CNN-Transformer,897,0,3.8e-05,0,True
Hybrid CNN-Transformer,898,0,9.8e-05,0,True
Hybrid CNN-Transformer,899,0,4.8e-05,0,True
Hybrid CNN-Transformer,900,0,4.8e-05,0,True
Hybrid CNN-Transformer,901,0,0.000456,0,True
Hybrid CNN-Transformer,902,0,6.5e-05,0,True
Hybrid CNN-Transformer,903,0,8.8e-05,0,True
Hybrid CNN-Transformer,904,0,0.000265,0,True
Hybrid CNN-Transformer,905,0,0.000103,0,True
Hybrid CNN-Transformer,906,0,9.9e-05,0,True
Hybrid CNN-Transformer,907,0,9e-05,0,True
Hybrid CNN-Transformer,908,0,0.000106,0,True
Hybrid CNN-Transformer,909,0,5e-05,0,True
Hybrid CNN-Transformer,910,0,3.7e-05,0,True
Hybrid CNN-Transformer,911,0,3.7e-05,0,True
Hybrid CNN-Transformer,912,0,5e-05,0,True
Hybrid CNN-Transformer,913,0,4.4e-05,0,True
Hybrid CNN-Transformer,914,0,6.8e-05,0,True
Hybrid CNN-Transformer,915,0,6.6e-05,0,True
Hybrid CNN-Transformer,916,0,6.9e-05,0,True
Hybrid CNN-Transformer,917,0,4.4e-05,0,True
Hybrid CNN-Transformer,918,0,8.9e-05,0,True
Hybrid CNN-Transformer,919,0,0.000113,0,True
Hybrid CNN-Transformer,920,0,4.4e-05,0,True
Hybrid CNN-Transformer,921,0,4.5e-05,0,True
Hybrid CNN-Transformer,922,0,4.5e-05,0,True
Hybrid CNN-Transformer,923,0,0.000196,0,True
Hybrid CNN-Transformer,924,0,5.8e-05,0,True
Hybrid CNN-Transformer,925,0,4.6e-05,0,True
Hybrid CNN-Transformer,926,0,0.000379,0,True
Hybrid CNN-Transformer,927,0,4.8e-05,0,True
Hybrid CNN-Transformer,928,0,7.3e-05,0,True
Hybrid CNN-Transformer,929,0,7.5e-05,0,True
Hybrid CNN-Transformer,930,0,3.1e-05,0,True
Hybrid CNN-Transformer,931,0,5.4e-05,0,True
Hybrid CNN-Transformer,932,0,0.001488,0,True
Hybrid CNN-Transformer,933,0,9.2e-05,0,True
Hybrid CNN-Transformer,934,0,6.9e-05,0,True
Hybrid CNN-Transformer,935,0,5e-05,0,True
Hybrid CNN-Transformer,936,0,9.1e-05,0,True
Hybrid CNN-Transformer,937,0,5.7e-05,0,True
Hybrid CNN-Transformer,938,0,4e-05,0,True
Hybrid CNN-Transformer,939,0,0.000142,0,True
Hybrid CNN-Transformer,940,0,8e-05,0,True
Hybrid CNN-Transformer,941,0,0.000126,0,True
Hybrid CNN-Transformer,942,0,5.9e-05,0,True
Hybrid CNN-Transformer,943,0,2.9e-05,0,True
Hybrid CNN-Transformer,944,0,4.1e-05,0,True
Hybrid CNN-Transformer,945,0,5.3e-05,0,True
Hybrid CNN-Transformer,946,0,4e-05,0,True
Hybrid CNN-Transformer,947,0,5.2e-05,0,True
Hybrid CNN-Transformer,948,0,0.000187,0,True
Hybrid CNN-Transformer,949,0,6.7e-05,0,True
Hybrid CNN-Transformer,950,0,4.2e-05,0,True
Hybrid CNN-Transformer,951,0,5.8e-05,0,True
Hybrid CNN-Transformer,952,0,0.00048,0,True
Hybrid CNN-Transformer,953,0,9.7e-05,0,True
Hybrid CNN-Transformer,954,0,7.1e-05,0,True
Hybrid CNN-Transformer,955,0,0.000107,0,True
Hybrid CNN-Transformer,956,0,6.2e-05,0,True
Hybrid CNN-Transformer,957,0,4.1e-05,0,True
Hybrid CNN-Transformer,958,0,7.9e-05,0,True
Hybrid CNN-Transformer,959,0,7.3e-05,0,True
Hybrid CNN-Transformer,960,0,4.2e-05,0,True
Hybrid CNN-Transformer,961,0,7.3e-05,0,True
Hybrid CNN-Transformer,962,0,3.2e-05,0,True
Hybrid CNN-Transformer,963,0,5.1e-05,0,True
Hybrid CNN-Transformer,964,0,0.000122,0,True
Hybrid CNN-Transformer,965,0,7.8e-05,0,True
Hybrid CNN-Transformer,966,0,4.4e-05,0,True
Hybrid CNN-Transformer,967,0,4.3e-05,0,True
Hybrid CNN-Transformer,968,0,5.2e-05,0,True
Hybrid CNN-Transformer,969,0,0.000385,0,True
Hybrid CNN-Transformer,970,0,3.8e-05,0,True
Hybrid CNN-Transformer,971,0,7.6e-05,0,True
Hybrid CNN-Transformer,972,0,4.2e-05,0,True
Hybrid CNN-Transformer,973,0,5.7e-05,0,True
Hybrid CNN-Transformer,974,0,5.4e-05,0,True
Hybrid CNN-Transformer,975,0,0.000159,0,True
Hybrid CNN-Transformer,976,0,0.000283,0,True
Hybrid CNN-Transformer,977,0,0.000141,0,True
Hybrid CNN-Transformer,978,0,8.7e-05,0,True
Hybrid CNN-Transformer,979,0,0.078736,0,True
Hybrid CNN-Transformer,980,0,0.999364,1,False
Hybrid CNN-Transformer,981,0,0.000859,0,True
Hybrid CNN-Transformer,982,0,5.5e-05,0,True
Hybrid CNN-Transformer,983,0,0.00031,0,True
Hybrid CNN-Transformer,984,0,0.002401,0,True
Hybrid CNN-Transformer,985,0,0.999455,1,False
Hybrid CNN-Transformer,986,0,0.000247,0,True
Hybrid CNN-Transformer,987,0,0.000645,0,True
Hybrid CNN-Transformer,988,0,0.000195,0,True
Hybrid CNN-Transformer,989,0,0.001622,0,True
Hybrid CNN-Transformer,990,0,0.000111,0,True
Hybrid CNN-Transformer,991,0,0.054778,0,True
Hybrid CNN-Transformer,992,0,0.000197,0,True
Hybrid CNN-Transformer,993,0,0.000417,0,True
Hybrid CNN-Transformer,994,0,6.3e-05,0,True
Hybrid CNN-Transformer,995,0,0.001009,0,True
Hybrid CNN-Transformer,996,0,0.003907,0,True
Hybrid CNN-Transformer,997,0,0.000108,0,True
Hybrid CNN-Transformer,998,0,4.7e-05,0,True
Hybrid CNN-Transformer,999,0,0.768139,1,False
Hybrid CNN-Transformer,1000,0,0.000126,0,True
Hybrid CNN-Transformer,1001,0,0.006068,0,True
Hybrid CNN-Transformer,1002,0,0.526778,1,False
Hybrid CNN-Transformer,1003,0,0.422995,0,True
Hybrid CNN-Transformer,1004,0,0.000507,0,True
Hybrid CNN-Transformer,1005,0,8.2e-05,0,True
Hybrid CNN-Transformer,1006,0,0.000187,0,True
Hybrid CNN-Transformer,1007,0,0.000853,0,True
Hybrid CNN-Transformer,1008,0,0.047291,0,True
Hybrid CNN-Transformer,1009,0,0.000216,0,True
Hybrid CNN-Transformer,1010,0,0.013263,0,True
Hybrid CNN-Transformer,1011,0,6.3e-05,0,True
Hybrid CNN-Transformer,1012,0,0.000515,0,True
Hybrid CNN-Transformer,1013,0,0.002724,0,True
Hybrid CNN-Transformer,1014,0,5.4e-05,0,True
Hybrid CNN-Transformer,1015,0,0.051568,0,True
Hybrid CNN-Transformer,1016,0,0.000799,0,True
Hybrid CNN-Transformer,1017,0,0.002084,0,True
Hybrid CNN-Transformer,1018,0,0.002319,0,True
Hybrid CNN-Transformer,1019,0,0.929139,1,False
Hybrid CNN-Transformer,1020,0,0.01764,0,True
Hybrid CNN-Transformer,1021,0,0.00029,0,True
Hybrid CNN-Transformer,1022,0,0.995829,1,False
Hybrid CNN-Transformer,1023,0,0.000375,0,True
Hybrid CNN-Transformer,1024,0,0.003665,0,True
Hybrid CNN-Transformer,1025,0,0.989979,1,False
Hybrid CNN-Transformer,1026,0,0.001245,0,True
Hybrid CNN-Transformer,1027,0,0.00129,0,True
Hybrid CNN-Transformer,1028,0,0.00014,0,True
Hybrid CNN-Transformer,1029,0,0.00102,0,True
Hybrid CNN-Transformer,1030,0,0.655761,1,False
Hybrid CNN-Transformer,1031,0,0.000413,0,True
Hybrid CNN-Transformer,1032,0,9.8e-05,0,True
Hybrid CNN-Transformer,1033,0,0.000545,0,True
Hybrid CNN-Transformer,1034,0,0.000207,0,True
Hybrid CNN-Transformer,1035,0,0.000316,0,True
Hybrid CNN-Transformer,1036,0,0.005874,0,True
Hybrid CNN-Transformer,1037,0,0.002045,0,True
Hybrid CNN-Transformer,1038,0,6e-05,0,True
Hybrid CNN-Transformer,1039,0,0.008944,0,True
Hybrid CNN-Transformer,1040,0,0.003384,0,True
Hybrid CNN-Transformer,1041,0,0.000147,0,True
Hybrid CNN-Transformer,1042,0,0.000133,0,True
Hybrid CNN-Transformer,1043,0,0.000433,0,True
Hybrid CNN-Transformer,1044,0,0.000132,0,True
Hybrid CNN-Transformer,1045,0,0.000497,0,True
Hybrid CNN-Transformer,1046,0,0.001905,0,True
Hybrid CNN-Transformer,1047,0,0.000489,0,True
Hybrid CNN-Transformer,1048,0,4.9e-05,0,True
Hybrid CNN-Transformer,1049,0,0.00024,0,True
Hybrid CNN-Transformer,1050,0,0.000135,0,True
Hybrid CNN-Transformer,1051,0,0.000325,0,True
Hybrid CNN-Transformer,1052,0,0.004022,0,True
Hybrid CNN-Transformer,1053,0,0.016903,0,True
Hybrid CNN-Transformer,1054,0,3.8e-05,0,True
Hybrid CNN-Transformer,1055,0,9.7e-05,0,True
Hybrid CNN-Transformer,1056,0,9.6e-05,0,True
Hybrid CNN-Transformer,1057,0,0.000291,0,True
Hybrid CNN-Transformer,1058,0,0.766641,1,False
Hybrid CNN-Transformer,1059,0,0.000171,0,True
Hybrid CNN-Transformer,1060,0,0.008571,0,True
Hybrid CNN-Transformer,1061,0,0.00031,0,True
Hybrid CNN-Transformer,1062,0,0.000102,0,True
Hybrid CNN-Transformer,1063,0,0.001799,0,True
Hybrid CNN-Transformer,1064,0,0.001131,0,True
Hybrid CNN-Transformer,1065,0,0.000143,0,True
Hybrid CNN-Transformer,1066,0,0.066067,0,True
Hybrid CNN-Transformer,1067,0,0.000686,0,True
Hybrid CNN-Transformer,1068,0,0.000332,0,True
Hybrid CNN-Transformer,1069,0,0.00023,0,True
Hybrid CNN-Transformer,1070,0,0.000463,0,True
Hybrid CNN-Transformer,1071,0,0.000321,0,True
Hybrid CNN-Transformer,1072,0,0.007317,0,True
Hybrid CNN-Transformer,1073,0,0.000552,0,True
Hybrid CNN-Transformer,1074,0,0.001249,0,True
Hybrid CNN-Transformer,1075,0,7.8e-05,0,True
Hybrid CNN-Transformer,1076,0,0.000191,0,True
Hybrid CNN-Transformer,1077,0,0.000686,0,True
Hybrid CNN-Transformer,1078,0,0.003989,0,True
Hybrid CNN-Transformer,1079,0,0.018959,0,True
Hybrid CNN-Transformer,1080,0,4.2e-05,0,True
Hybrid CNN-Transformer,1081,0,0.000163,0,True
Hybrid CNN-Transformer,1082,0,5e-05,0,True
Hybrid CNN-Transformer,1083,0,0.000145,0,True
Hybrid CNN-Transformer,1084,0,0.000145,0,True
Hybrid CNN-Transformer,1085,0,0.000171,0,True
Hybrid CNN-Transformer,1086,0,7.8e-05,0,True
Hybrid CNN-Transformer,1087,0,0.000145,0,True
Hybrid CNN-Transformer,1088,0,0.000135,0,True
Hybrid CNN-Transformer,1089,0,4.6e-05,0,True
Hybrid CNN-Transformer,1090,0,0.000117,0,True
Hybrid CNN-Transformer,1091,0,0.00021,0,True
Hybrid CNN-Transformer,1092,0,7.1e-05,0,True
Hybrid CNN-Transformer,1093,0,7.2e-05,0,True
Hybrid CNN-Transformer,1094,0,0.000206,0,True
Hybrid CNN-Transformer,1095,0,0.000127,0,True
Hybrid CNN-Transformer,1096,0,0.000206,0,True
Hybrid CNN-Transformer,1097,0,0.000123,0,True
Hybrid CNN-Transformer,1098,0,0.000356,0,True
Hybrid CNN-Transformer,1099,0,5.1e-05,0,True
Hybrid CNN-Transformer,1100,0,0.000136,0,True
Hybrid CNN-Transformer,1101,0,0.000105,0,True
Hybrid CNN-Transformer,1102,0,6.2e-05,0,True
Hybrid CNN-Transformer,1103,0,0.000232,0,True
Hybrid CNN-Transformer,1104,0,0.000115,0,True
Hybrid CNN-Transformer,1105,0,7.8e-05,0,True
Hybrid CNN-Transformer,1106,0,0.000131,0,True
Hybrid CNN-Transformer,1107,0,4e-05,0,True
Hybrid CNN-Transformer,1108,0,9.6e-05,0,True
Hybrid CNN-Transformer,1109,0,4.2e-05,0,True
Hybrid CNN-Transformer,1110,0,9.4e-05,0,True
Hybrid CNN-Transformer,1111,0,6e-05,0,True
Hybrid CNN-Transformer,1112,0,0.000103,0,True
Hybrid CNN-Transformer,1113,0,0.000256,0,True
Hybrid CNN-Transformer,1114,0,0.000118,0,True
Hybrid CNN-Transformer,1115,0,0.000385,0,True
Hybrid CNN-Transformer,1116,0,0.001296,0,True
Hybrid CNN-Transformer,1117,0,6.4e-05,0,True
Hybrid CNN-Transformer,1118,0,4.5e-05,0,True
Hybrid CNN-Transformer,1119,0,0.003767,0,True
Hybrid CNN-Transformer,1120,0,0.000271,0,True
Hybrid CNN-Transformer,1121,0,9.9e-05,0,True
Hybrid CNN-Transformer,1122,0,0.000317,0,True
Hybrid CNN-Transformer,1123,0,0.000206,0,True
Hybrid CNN-Transformer,1124,0,0.000641,0,True
Hybrid CNN-Transformer,1125,0,0.000155,0,True
Hybrid CNN-Transformer,1126,0,0.000259,0,True
Hybrid CNN-Transformer,1127,0,0.000137,0,True
Hybrid CNN-Transformer,1128,0,0.000181,0,True
Hybrid CNN-Transformer,1129,0,7.7e-05,0,True
Hybrid CNN-Transformer,1130,0,0.000352,0,True
Hybrid CNN-Transformer,1131,0,5.8e-05,0,True
Hybrid CNN-Transformer,1132,0,0.000978,0,True
Hybrid CNN-Transformer,1133,1,0.9999,1,True
Hybrid CNN-Transformer,1134,1,0.999724,1,True
Hybrid CNN-Transformer,1135,1,0.999913,1,True
Hybrid CNN-Transformer,1136,1,0.999915,1,True
Hybrid CNN-Transformer,1137,1,0.991323,1,True
Hybrid CNN-Transformer,1138,1,0.999949,1,True
Hybrid CNN-Transformer,1139,1,0.999828,1,True
Hybrid CNN-Transformer,1140,1,0.996235,1,True
Hybrid CNN-Transformer,1141,1,0.999803,1,True
Hybrid CNN-Transformer,1142,1,0.999168,1,True
Hybrid CNN-Transformer,1143,1,0.999953,1,True
Hybrid CNN-Transformer,1144,1,0.999936,1,True
Hybrid CNN-Transformer,1145,1,0.99977,1,True
Hybrid CNN-Transformer,1146,1,0.999911,1,True
Hybrid CNN-Transformer,1147,1,0.976393,1,True
Hybrid CNN-Transformer,1148,1,0.996698,1,True
Hybrid CNN-Transformer,1149,1,0.766094,1,True
Hybrid CNN-Transformer,1150,1,0.99069,1,True
Hybrid CNN-Transformer,1151,1,0.999884,1,True
Hybrid CNN-Transformer,1152,1,0.999922,1,True
Hybrid CNN-Transformer,1153,1,0.996403,1,True
Hybrid CNN-Transformer,1154,1,0.959566,1,True
Hybrid CNN-Transformer,1155,1,0.999823,1,True
Hybrid CNN-Transformer,1156,1,0.999813,1,True
Hybrid CNN-Transformer,1157,1,0.999823,1,True
Hybrid CNN-Transformer,1158,1,0.999959,1,True
Hybrid CNN-Transformer,1159,1,0.996999,1,True
Hybrid CNN-Transformer,1160,1,0.999924,1,True
Hybrid CNN-Transformer,1161,1,0.999838,1,True
Hybrid CNN-Transformer,1162,1,0.999938,1,True
Hybrid CNN-Transformer,1163,1,0.999901,1,True
Hybrid CNN-Transformer,1164,1,0.999903,1,True
Hybrid CNN-Transformer,1165,1,0.605269,1,True
Hybrid CNN-Transformer,1166,1,0.999866,1,True
Hybrid CNN-Transformer,1167,1,0.994877,1,True
Hybrid CNN-Transformer,1168,1,0.999906,1,True
Hybrid CNN-Transformer,1169,1,0.999961,1,True
Hybrid CNN-Transformer,1170,1,0.999928,1,True
Hybrid CNN-Transformer,1171,1,0.999917,1,True
Hybrid CNN-Transformer,1172,1,0.873608,1,True
Hybrid CNN-Transformer,1173,1,0.979956,1,True
Hybrid CNN-Transformer,1174,1,0.99995,1,True
Hybrid CNN-Transformer,1175,1,0.999865,1,True
Hybrid CNN-Transformer,1176,1,0.999969,1,True
Hybrid CNN-Transformer,1177,1,0.999955,1,True
Hybrid CNN-Transformer,1178,1,0.999963,1,True
Hybrid CNN-Transformer,1179,1,0.999909,1,True
Hybrid CNN-Transformer,1180,1,0.999949,1,True
Hybrid CNN-Transformer,1181,1,0.999893,1,True
Hybrid CNN-Transformer,1182,1,0.999902,1,True
Hybrid CNN-Transformer,1183,1,0.999907,1,True
Hybrid CNN-Transformer,1184,1,0.999949,1,True
Hybrid CNN-Transformer,1185,1,0.999946,1,True
Hybrid CNN-Transformer,1186,1,0.996432,1,True
Hybrid CNN-Transformer,1187,1,0.999836,1,True
Hybrid CNN-Transformer,1188,1,0.999514,1,True
Hybrid CNN-Transformer,1189,1,0.999927,1,True
Hybrid CNN-Transformer,1190,1,0.999855,1,True
Hybrid CNN-Transformer,1191,1,0.999687,1,True
Hybrid CNN-Transformer,1192,1,0.999939,1,True
Hybrid CNN-Transformer,1193,1,0.999938,1,True
Hybrid CNN-Transformer,1194,1,0.998732,1,True
Hybrid CNN-Transformer,1195,1,0.99996,1,True
Hybrid CNN-Transformer,1196,1,0.999404,1,True
Hybrid CNN-Transformer,1197,1,0.999819,1,True
Hybrid CNN-Transformer,1198,1,0.9996,1,True
Hybrid CNN-Transformer,1199,1,0.999543,1,True
Hybrid CNN-Transformer,1200,1,0.999919,1,True
Hybrid CNN-Transformer,1201,1,0.999947,1,True
Hybrid CNN-Transformer,1202,1,0.999912,1,True
Hybrid CNN-Transformer,1203,1,0.999893,1,True
Hybrid CNN-Transformer,1204,1,0.999894,1,True
Hybrid CNN-Transformer,1205,1,0.99995,1,True
Hybrid CNN-Transformer,1206,1,0.999289,1,True
Hybrid CNN-Transformer,1207,1,0.999952,1,True
Hybrid CNN-Transformer,1208,1,0.401982,0,False
Hybrid CNN-Transformer,1209,1,0.058559,0,False
Hybrid CNN-Transformer,1210,1,0.999899,1,True
Hybrid CNN-Transformer,1211,1,0.986827,1,True
Hybrid CNN-Transformer,1212,1,0.98876,1,True
Hybrid CNN-Transformer,1213,1,0.99982,1,True
Hybrid CNN-Transformer,1214,1,0.999926,1,True
Hybrid CNN-Transformer,1215,1,0.998901,1,True
Hybrid CNN-Transformer,1216,1,0.999833,1,True
Hybrid CNN-Transformer,1217,1,0.999961,1,True
Hybrid CNN-Transformer,1218,1,0.735485,1,True
Hybrid CNN-Transformer,1219,1,0.999945,1,True
Hybrid CNN-Transformer,1220,1,0.999565,1,True
Hybrid CNN-Transformer,1221,1,0.997967,1,True
Hybrid CNN-Transformer,1222,1,0.999961,1,True
Hybrid CNN-Transformer,1223,1,0.999938,1,True
Hybrid CNN-Transformer,1224,1,0.394313,0,False
Hybrid CNN-Transformer,1225,1,0.995882,1,True
Hybrid CNN-Transformer,1226,1,0.999756,1,True
Hybrid CNN-Transformer,1227,1,0.998185,1,True
Hybrid CNN-Transformer,1228,1,0.999478,1,True
Hybrid CNN-Transformer,1229,1,0.997564,1,True
Hybrid CNN-Transformer,1230,1,0.999774,1,True
Hybrid CNN-Transformer,1231,1,0.999816,1,True
Hybrid CNN-Transformer,1232,1,0.99807,1,True
Hybrid CNN-Transformer,1233,1,0.999865,1,True
Hybrid CNN-Transformer,1234,1,0.000233,0,False
Hybrid CNN-Transformer,1235,1,0.999793,1,True
Hybrid CNN-Transformer,1236,1,0.998205,1,True
Hybrid CNN-Transformer,1237,1,0.99995,1,True
Hybrid CNN-Transformer,1238,1,0.992161,1,True
Hybrid CNN-Transformer,1239,1,0.999961,1,True
Hybrid CNN-Transformer,1240,1,0.999846,1,True
Hybrid CNN-Transformer,1241,1,0.999593,1,True
Hybrid CNN-Transformer,1242,1,0.001703,0,False
Hybrid CNN-Transformer,1243,1,0.999599,1,True
Hybrid CNN-Transformer,1244,1,0.999928,1,True
Hybrid CNN-Transformer,1245,1,0.001209,0,False
Hybrid CNN-Transformer,1246,1,0.998312,1,True
Hybrid CNN-Transformer,1247,1,0.999705,1,True
Hybrid CNN-Transformer,1248,1,0.99996,1,True
Hybrid CNN-Transformer,1249,1,0.999785,1,True
Hybrid CNN-Transformer,1250,1,0.998609,1,True
Hybrid CNN-Transformer,1251,1,0.999703,1,True
Hybrid CNN-Transformer,1252,1,0.678933,1,True
Hybrid CNN-Transformer,1253,1,0.999764,1,True
Hybrid CNN-Transformer,1254,1,0.985861,1,True
Hybrid CNN-Transformer,1255,1,0.999936,1,True
Hybrid CNN-Transformer,1256,1,0.999874,1,True
Hybrid CNN-Transformer,1257,1,0.999854,1,True
Hybrid CNN-Transformer,1258,1,0.999817,1,True
Hybrid CNN-Transformer,1259,1,0.984573,1,True
Hybrid CNN-Transformer,1260,1,0.999884,1,True
Hybrid CNN-Transformer,1261,1,0.999885,1,True
Hybrid CNN-Transformer,1262,1,0.999911,1,True
Hybrid CNN-Transformer,1263,1,0.996404,1,True
Hybrid CNN-Transformer,1264,1,0.999908,1,True
Hybrid CNN-Transformer,1265,1,0.999897,1,True
Hybrid CNN-Transformer,1266,1,0.962551,1,True
Hybrid CNN-Transformer,1267,1,0.999872,1,True
Hybrid CNN-Transformer,1268,1,0.999909,1,True
Hybrid CNN-Transformer,1269,1,0.999923,1,True
Hybrid CNN-Transformer,1270,1,0.999713,1,True
Hybrid CNN-Transformer,1271,1,0.992424,1,True
Hybrid CNN-Transformer,1272,1,0.999949,1,True
Hybrid CNN-Transformer,1273,1,0.999529,1,True
Hybrid CNN-Transformer,1274,1,0.902653,1,True
Hybrid CNN-Transformer,1275,1,0.984235,1,True
Hybrid CNN-Transformer,1276,1,0.999948,1,True
Hybrid CNN-Transformer,1277,1,0.997273,1,True
Hybrid CNN-Transformer,1278,1,0.99961,1,True
Hybrid CNN-Transformer,1279,1,0.999823,1,True
Hybrid CNN-Transformer,1280,1,0.972635,1,True
Hybrid CNN-Transformer,1281,1,0.999793,1,True
Hybrid CNN-Transformer,1282,1,0.99996,1,True
Hybrid CNN-Transformer,1283,1,0.999948,1,True
Hybrid CNN-Transformer,1284,1,0.999775,1,True
Hybrid CNN-Transformer,1285,1,0.999924,1,True
Hybrid CNN-Transformer,1286,1,0.999864,1,True
Hybrid CNN-Transformer,1287,1,0.741725,1,True
Hybrid CNN-Transformer,1288,1,0.99994,1,True
Hybrid CNN-Transformer,1289,1,0.999966,1,True
Hybrid CNN-Transformer,1290,1,0.999913,1,True
Hybrid CNN-Transformer,1291,1,0.999806,1,True
Hybrid CNN-Transformer,1292,1,0.999904,1,True
Hybrid CNN-Transformer,1293,1,0.99994,1,True
Hybrid CNN-Transformer,1294,1,0.999858,1,True
Hybrid CNN-Transformer,1295,1,0.999799,1,True
Hybrid CNN-Transformer,1296,1,0.999508,1,True
Hybrid CNN-Transformer,1297,1,0.999962,1,True
Hybrid CNN-Transformer,1298,1,0.999678,1,True
Hybrid CNN-Transformer,1299,1,0.999832,1,True
Hybrid CNN-Transformer,1300,1,0.997518,1,True
Hybrid CNN-Transformer,1301,1,0.002259,0,False
Hybrid CNN-Transformer,1302,1,0.99995,1,True
Hybrid CNN-Transformer,1303,1,0.999924,1,True
Hybrid CNN-Transformer,1304,1,0.999904,1,True
Hybrid CNN-Transformer,1305,1,0.999927,1,True
Hybrid CNN-Transformer,1306,1,0.999755,1,True
Hybrid CNN-Transformer,1307,1,0.999712,1,True
Hybrid CNN-Transformer,1308,1,0.999925,1,True
Hybrid CNN-Transformer,1309,1,0.999942,1,True
Hybrid CNN-Transformer,1310,1,0.999902,1,True
Hybrid CNN-Transformer,1311,1,0.999772,1,True
Hybrid CNN-Transformer,1312,1,0.999682,1,True
Hybrid CNN-Transformer,1313,1,0.999898,1,True
Hybrid CNN-Transformer,1314,1,0.998599,1,True
Hybrid CNN-Transformer,1315,1,0.999927,1,True
Hybrid CNN-Transformer,1316,1,0.999109,1,True
Hybrid CNN-Transformer,1317,1,0.000218,0,False
Hybrid CNN-Transformer,1318,1,0.999941,1,True
Hybrid CNN-Transformer,1319,1,0.999936,1,True
Hybrid CNN-Transformer,1320,1,0.999931,1,True
Hybrid CNN-Transformer,1321,1,0.999936,1,True
Hybrid CNN-Transformer,1322,1,0.079804,0,False
Hybrid CNN-Transformer,1323,1,0.999923,1,True
Hybrid CNN-Transformer,1324,1,0.999284,1,True
Hybrid CNN-Transformer,1325,1,0.999791,1,True
Hybrid CNN-Transformer,1326,1,0.99983,1,True
Hybrid CNN-Transformer,1327,1,0.999692,1,True
Hybrid CNN-Transformer,1328,1,0.999954,1,True
Hybrid CNN-Transformer,1329,1,0.999964,1,True
Hybrid CNN-Transformer,1330,1,0.999931,1,True
Hybrid CNN-Transformer,1331,1,0.999924,1,True
Hybrid CNN-Transformer,1332,1,0.999528,1,True
Hybrid CNN-Transformer,1333,1,0.994422,1,True
Hybrid CNN-Transformer,1334,1,0.999783,1,True
Hybrid CNN-Transformer,1335,1,0.99994,1,True
Hybrid CNN-Transformer,1336,1,0.999822,1,True
Hybrid CNN-Transformer,1337,1,0.999915,1,True
Hybrid CNN-Transformer,1338,1,0.999941,1,True
Hybrid CNN-Transformer,1339,1,0.999938,1,True
Hybrid CNN-Transformer,1340,1,0.264187,0,False
Hybrid CNN-Transformer,1341,1,0.910458,1,True
Hybrid CNN-Transformer,1342,1,0.953784,1,True
Hybrid CNN-Transformer,1343,1,0.999165,1,True
Hybrid CNN-Transformer,1344,1,0.999947,1,True
Hybrid CNN-Transformer,1345,1,0.999908,1,True
Hybrid CNN-Transformer,1346,1,0.999906,1,True
Hybrid CNN-Transformer,1347,1,0.998386,1,True
Hybrid CNN-Transformer,1348,1,0.998629,1,True
Hybrid CNN-Transformer,1349,1,0.999542,1,True
Hybrid CNN-Transformer,1350,1,0.999584,1,True
Hybrid CNN-Transformer,1351,1,0.999877,1,True
Hybrid CNN-Transformer,1352,1,0.999878,1,True
Hybrid CNN-Transformer,1353,1,0.999835,1,True
Hybrid CNN-Transformer,1354,1,0.999754,1,True
Hybrid CNN-Transformer,1355,1,0.999899,1,True
Hybrid CNN-Transformer,1356,1,0.998778,1,True
Hybrid CNN-Transformer,1357,1,0.999902,1,True
Hybrid CNN-Transformer,1358,1,0.999958,1,True
Hybrid CNN-Transformer,1359,1,0.999931,1,True
Hybrid CNN-Transformer,1360,1,0.969305,1,True
Hybrid CNN-Transformer,1361,1,0.999933,1,True
Hybrid CNN-Transformer,1362,1,0.999917,1,True
Hybrid CNN-Transformer,1363,1,0.97228,1,True
Hybrid CNN-Transformer,1364,1,0.999874,1,True
Hybrid CNN-Transformer,1365,1,0.999969,1,True
Hybrid CNN-Transformer,1366,1,0.999898,1,True
Hybrid CNN-Transformer,1367,1,0.999914,1,True
Hybrid CNN-Transformer,1368,1,0.999597,1,True
Hybrid CNN-Transformer,1369,1,0.999705,1,True
Hybrid CNN-Transformer,1370,1,0.999918,1,True
Hybrid CNN-Transformer,1371,1,0.999927,1,True
Hybrid CNN-Transformer,1372,1,0.999936,1,True
Hybrid CNN-Transformer,1373,1,0.999809,1,True
Hybrid CNN-Transformer,1374,1,0.999938,1,True
Hybrid CNN-Transformer,1375,1,0.999941,1,True
Hybrid CNN-Transformer,1376,1,0.999506,1,True
Hybrid CNN-Transformer,1377,1,0.999921,1,True
Hybrid CNN-Transformer,1378,1,0.999882,1,True
Hybrid CNN-Transformer,1379,1,0.999244,1,True
Hybrid CNN-Transformer,1380,1,0.999738,1,True
Hybrid CNN-Transformer,1381,1,0.999903,1,True
Hybrid CNN-Transformer,1382,1,0.999977,1,True
Hybrid CNN-Transformer,1383,1,0.999894,1,True
Hybrid CNN-Transformer,1384,1,0.99974,1,True
Hybrid CNN-Transformer,1385,1,0.945114,1,True
Hybrid CNN-Transformer,1386,1,0.999968,1,True
Hybrid CNN-Transformer,1387,1,0.999756,1,True
Hybrid CNN-Transformer,1388,1,0.000655,0,False
Hybrid CNN-Transformer,1389,1,0.999913,1,True
Hybrid CNN-Transformer,1390,1,0.999396,1,True
Hybrid CNN-Transformer,1391,1,0.378015,0,False
Hybrid CNN-Transformer,1392,1,0.999758,1,True
Hybrid CNN-Transformer,1393,1,0.999674,1,True
Hybrid CNN-Transformer,1394,1,0.999789,1,True
Hybrid CNN-Transformer,1395,1,0.999757,1,True
Hybrid CNN-Transformer,1396,1,0.999926,1,True
Hybrid CNN-Transformer,1397,1,0.999927,1,True
Hybrid CNN-Transformer,1398,1,0.999956,1,True
Hybrid CNN-Transformer,1399,1,0.999925,1,True
Hybrid CNN-Transformer,1400,1,0.999926,1,True
Hybrid CNN-Transformer,1401,1,0.999885,1,True
Hybrid CNN-Transformer,1402,1,0.99995,1,True
Hybrid CNN-Transformer,1403,1,0.999777,1,True
Hybrid CNN-Transformer,1404,1,0.999913,1,True
Hybrid CNN-Transformer,1405,1,0.999903,1,True
Hybrid CNN-Transformer,1406,1,0.999949,1,True
Hybrid CNN-Transformer,1407,1,0.999795,1,True
Hybrid CNN-Transformer,1408,1,0.999891,1,True
Hybrid CNN-Transformer,1409,1,0.996921,1,True
Hybrid CNN-Transformer,1410,1,0.999938,1,True
Hybrid CNN-Transformer,1411,1,0.999469,1,True
Hybrid CNN-Transformer,1412,1,0.999849,1,True
Hybrid CNN-Transformer,1413,1,0.999933,1,True
Hybrid CNN-Transformer,1414,1,0.999899,1,True
Hybrid CNN-Transformer,1415,1,0.999939,1,True
Hybrid CNN-Transformer,1416,1,0.999858,1,True
Hybrid CNN-Transformer,1417,1,0.999964,1,True
Hybrid CNN-Transformer,1418,1,0.999457,1,True
Hybrid CNN-Transformer,1419,1,0.999945,1,True
Hybrid CNN-Transformer,1420,1,0.999843,1,True
Hybrid CNN-Transformer,1421,1,0.999893,1,True
Hybrid CNN-Transformer,1422,1,0.999872,1,True
Hybrid CNN-Transformer,1423,1,0.000497,0,False
Hybrid CNN-Transformer,1424,1,0.999908,1,True
Hybrid CNN-Transformer,1425,1,0.999969,1,True
Hybrid CNN-Transformer,1426,1,0.999855,1,True
Hybrid CNN-Transformer,1427,1,0.998911,1,True
Hybrid CNN-Transformer,1428,1,0.997874,1,True
Hybrid CNN-Transformer,1429,1,0.999949,1,True
Hybrid CNN-Transformer,1430,1,0.999958,1,True
Hybrid CNN-Transformer,1431,1,0.999603,1,True
Hybrid CNN-Transformer,1432,1,0.999945,1,True
Hybrid CNN-Transformer,1433,1,0.869475,1,True
Hybrid CNN-Transformer,1434,1,0.999827,1,True
Hybrid CNN-Transformer,1435,1,0.99851,1,True
Hybrid CNN-Transformer,1436,1,0.999539,1,True
Hybrid CNN-Transformer,1437,1,0.999451,1,True
Hybrid CNN-Transformer,1438,1,0.998871,1,True
Hybrid CNN-Transformer,1439,1,0.999941,1,True
Hybrid CNN-Transformer,1440,1,0.999916,1,True
Hybrid CNN-Transformer,1441,1,0.999884,1,True
Hybrid CNN-Transformer,1442,1,0.629041,1,True
Hybrid CNN-Transformer,1443,1,0.957603,1,True
Hybrid CNN-Transformer,1444,1,0.998836,1,True
Hybrid CNN-Transformer,1445,1,0.999935,1,True
Hybrid CNN-Transformer,1446,1,0.999912,1,True
Hybrid CNN-Transformer,1447,1,0.99997,1,True
Hybrid CNN-Transformer,1448,1,0.999941,1,True
Hybrid CNN-Transformer,1449,1,0.999893,1,True
Hybrid CNN-Transformer,1450,1,0.999632,1,True
Hybrid CNN-Transformer,1451,1,0.999716,1,True
Hybrid CNN-Transformer,1452,1,0.999856,1,True
Hybrid CNN-Transformer,1453,1,0.999916,1,True
Hybrid CNN-Transformer,1454,1,0.999958,1,True
Hybrid CNN-Transformer,1455,1,0.999858,1,True
Hybrid CNN-Transformer,1456,1,0.999951,1,True
Hybrid CNN-Transformer,1457,1,0.999949,1,True
Hybrid CNN-Transformer,1458,1,0.999835,1,True
Hybrid CNN-Transformer,1459,1,0.999947,1,True
Hybrid CNN-Transformer,1460,1,0.999872,1,True
Hybrid CNN-Transformer,1461,1,0.999856,1,True
Hybrid CNN-Transformer,1462,1,0.999927,1,True
Hybrid CNN-Transformer,1463,1,0.999885,1,True
Hybrid CNN-Transformer,1464,1,0.999939,1,True
Hybrid CNN-Transformer,1465,1,0.999938,1,True
Hybrid CNN-Transformer,1466,1,0.001785,0,False
Hybrid CNN-Transformer,1467,1,0.998778,1,True
Hybrid CNN-Transformer,1468,1,0.997462,1,True
Hybrid CNN-Transformer,1469,1,0.999933,1,True
Hybrid CNN-Transformer,1470,1,0.999808,1,True
Hybrid CNN-Transformer,1471,1,0.999887,1,True
Hybrid CNN-Transformer,1472,1,0.999594,1,True
Hybrid CNN-Transformer,1473,1,0.986372,1,True
Hybrid CNN-Transformer,1474,1,0.999928,1,True
Hybrid CNN-Transformer,1475,1,0.999902,1,True
Hybrid CNN-Transformer,1476,1,0.999838,1,True
Hybrid CNN-Transformer,1477,1,0.006884,0,False
Hybrid CNN-Transformer,1478,1,0.999942,1,True
Hybrid CNN-Transformer,1479,1,0.999921,1,True
Hybrid CNN-Transformer,1480,1,0.999917,1,True
Hybrid CNN-Transformer,1481,1,0.999879,1,True
Hybrid CNN-Transformer,1482,1,0.984964,1,True
Hybrid CNN-Transformer,1483,1,0.999117,1,True
Hybrid CNN-Transformer,1484,1,0.985119,1,True
Hybrid CNN-Transformer,1485,1,0.99996,1,True
Hybrid CNN-Transformer,1486,1,0.999561,1,True
Hybrid CNN-Transformer,1487,1,0.999805,1,True
Hybrid CNN-Transformer,1488,1,0.999889,1,True
Hybrid CNN-Transformer,1489,1,0.999191,1,True
Hybrid CNN-Transformer,1490,1,0.99995,1,True
Hybrid CNN-Transformer,1491,1,0.99991,1,True
Hybrid CNN-Transformer,1492,1,0.999872,1,True
Hybrid CNN-Transformer,1493,1,0.998809,1,True
Hybrid CNN-Transformer,1494,1,0.999943,1,True
Hybrid CNN-Transformer,1495,1,0.999951,1,True
Hybrid CNN-Transformer,1496,1,0.999775,1,True
Hybrid CNN-Transformer,1497,1,0.999792,1,True
Hybrid CNN-Transformer,1498,1,0.999888,1,True
Hybrid CNN-Transformer,1499,1,0.999551,1,True
Hybrid CNN-Transformer,1500,1,0.99978,1,True
Hybrid CNN-Transformer,1501,1,0.999763,1,True
Hybrid CNN-Transformer,1502,1,0.999753,1,True
Hybrid CNN-Transformer,1503,1,0.999413,1,True
Hybrid CNN-Transformer,1504,1,0.999864,1,True
Hybrid CNN-Transformer,1505,1,0.999913,1,True
Hybrid CNN-Transformer,1506,1,0.999282,1,True
Hybrid CNN-Transformer,1507,1,0.999967,1,True
Hybrid CNN-Transformer,1508,1,0.999884,1,True
Hybrid CNN-Transformer,1509,1,0.997175,1,True
Hybrid CNN-Transformer,1510,1,0.999906,1,True
Hybrid CNN-Transformer,1511,1,0.999308,1,True
Hybrid CNN-Transformer,1512,1,0.99996,1,True
Hybrid CNN-Transformer,1513,1,0.999913,1,True
Hybrid CNN-Transformer,1514,1,0.809412,1,True
Hybrid CNN-Transformer,1515,1,0.999471,1,True
Hybrid CNN-Transformer,1516,1,0.999905,1,True
Hybrid CNN-Transformer,1517,1,0.999904,1,True
Hybrid CNN-Transformer,1518,1,0.999915,1,True
Hybrid CNN-Transformer,1519,1,0.999929,1,True
Hybrid CNN-Transformer,1520,1,0.999913,1,True
Hybrid CNN-Transformer,1521,1,0.998266,1,True
Hybrid CNN-Transformer,1522,1,0.999875,1,True
Hybrid CNN-Transformer,1523,1,0.999951,1,True
Hybrid CNN-Transformer,1524,1,0.999846,1,True
Hybrid CNN-Transformer,1525,1,0.999853,1,True
Hybrid CNN-Transformer,1526,1,0.999819,1,True
Hybrid CNN-Transformer,1527,1,0.999506,1,True
Hybrid CNN-Transformer,1528,1,0.999892,1,True
Hybrid CNN-Transformer,1529,1,0.997955,1,True
Hybrid CNN-Transformer,1530,1,0.996359,1,True
Hybrid CNN-Transformer,1531,1,0.999863,1,True
Hybrid CNN-Transformer,1532,1,0.999885,1,True
Hybrid CNN-Transformer,1533,1,0.999897,1,True
Hybrid CNN-Transformer,1534,1,0.999317,1,True
Hybrid CNN-Transformer,1535,1,0.929194,1,True
Hybrid CNN-Transformer,1536,1,0.99936,1,True
Hybrid CNN-Transformer,1537,1,0.999908,1,True
Hybrid CNN-Transformer,1538,1,0.999877,1,True
Hybrid CNN-Transformer,1539,1,0.99993,1,True
Hybrid CNN-Transformer,1540,1,0.999848,1,True
Hybrid CNN-Transformer,1541,1,0.120105,0,False
Hybrid CNN-Transformer,1542,1,0.999809,1,True
Hybrid CNN-Transformer,1543,1,0.999794,1,True
Hybrid CNN-Transformer,1544,1,0.99905,1,True
Hybrid CNN-Transformer,1545,1,0.999719,1,True
Hybrid CNN-Transformer,1546,1,0.99958,1,True
Hybrid CNN-Transformer,1547,1,0.998751,1,True
Hybrid CNN-Transformer,1548,1,0.999954,1,True
Hybrid CNN-Transformer,1549,1,0.999896,1,True
Hybrid CNN-Transformer,1550,1,0.999925,1,True
Hybrid CNN-Transformer,1551,1,0.999888,1,True
Hybrid CNN-Transformer,1552,1,0.999855,1,True
Hybrid CNN-Transformer,1553,1,0.999869,1,True
Hybrid CNN-Transformer,1554,1,0.999779,1,True
Hybrid CNN-Transformer,1555,1,0.999852,1,True
Hybrid CNN-Transformer,1556,1,0.997892,1,True
Hybrid CNN-Transformer,1557,1,0.998984,1,True
Hybrid CNN-Transformer,1558,1,0.999939,1,True
Hybrid CNN-Transformer,1559,1,0.999916,1,True
Hybrid CNN-Transformer,1560,1,0.999874,1,True
Hybrid CNN-Transformer,1561,1,0.999607,1,True
Hybrid CNN-Transformer,1562,1,0.999745,1,True
Hybrid CNN-Transformer,1563,1,0.99997,1,True
Hybrid CNN-Transformer,1564,1,0.999951,1,True
Hybrid CNN-Transformer,1565,1,0.999969,1,True
Hybrid CNN-Transformer,1566,1,0.999946,1,True
Hybrid CNN-Transformer,1567,1,0.999853,1,True
Hybrid CNN-Transformer,1568,1,0.999932,1,True
Hybrid CNN-Transformer,1569,1,0.999546,1,True
Hybrid CNN-Transformer,1570,1,0.999964,1,True
Hybrid CNN-Transformer,1571,1,0.999927,1,True
Hybrid CNN-Transformer,1572,1,0.999912,1,True
Hybrid CNN-Transformer,1573,1,0.99994,1,True
Hybrid CNN-Transformer,1574,1,0.999943,1,True
Hybrid CNN-Transformer,1575,1,0.999866,1,True
Hybrid CNN-Transformer,1576,1,0.99993,1,True
Hybrid CNN-Transformer,1577,1,0.999924,1,True
Hybrid CNN-Transformer,1578,1,0.999951,1,True
Hybrid CNN-Transformer,1579,1,0.999945,1,True
Hybrid CNN-Transformer,1580,1,0.999734,1,True
Hybrid CNN-Transformer,1581,1,0.999819,1,True
Hybrid CNN-Transformer,1582,1,0.999641,1,True
Hybrid CNN-Transformer,1583,1,0.999855,1,True
Hybrid CNN-Transformer,1584,1,0.999952,1,True
Hybrid CNN-Transformer,1585,1,0.999787,1,True
Hybrid CNN-Transformer,1586,1,0.999951,1,True
Hybrid CNN-Transformer,1587,1,0.999871,1,True
Hybrid CNN-Transformer,1588,1,0.999965,1,True
Hybrid CNN-Transformer,1589,1,0.999959,1,True
Hybrid CNN-Transformer,1590,1,0.999971,1,True
Hybrid CNN-Transformer,1591,1,0.999964,1,True
Hybrid CNN-Transformer,1592,1,0.999944,1,True
Hybrid CNN-Transformer,1593,1,0.999869,1,True
Hybrid CNN-Transformer,1594,1,0.999867,1,True
Hybrid CNN-Transformer,1595,1,0.999769,1,True
Hybrid CNN-Transformer,1596,1,0.999953,1,True
Hybrid CNN-Transformer,1597,1,0.99974,1,True
Hybrid CNN-Transformer,1598,1,0.999302,1,True
Hybrid CNN-Transformer,1599,1,0.999935,1,True
Hybrid CNN-Transformer,1600,1,0.999954,1,True
Hybrid CNN-Transformer,1601,1,0.999859,1,True
Hybrid CNN-Transformer,1602,1,0.999894,1,True
Hybrid CNN-Transformer,1603,1,0.999862,1,True
Hybrid CNN-Transformer,1604,1,0.999952,1,True
Hybrid CNN-Transformer,1605,1,0.999615,1,True
Hybrid CNN-Transformer,1606,1,0.999602,1,True
Hybrid CNN-Transformer,1607,1,0.999913,1,True
Hybrid CNN-Transformer,1608,1,0.999603,1,True
Hybrid CNN-Transformer,1609,1,0.999952,1,True
Hybrid CNN-Transformer,1610,1,0.99997,1,True
Hybrid CNN-Transformer,1611,1,0.999904,1,True
Hybrid CNN-Transformer,1612,1,0.996941,1,True
Hybrid CNN-Transformer,1613,1,0.999883,1,True
Hybrid CNN-Transformer,1614,1,0.99899,1,True
Hybrid CNN-Transformer,1615,1,0.999895,1,True
Hybrid CNN-Transformer,1616,1,0.999375,1,True
Hybrid CNN-Transformer,1617,1,0.999875,1,True
Hybrid CNN-Transformer,1618,1,0.999951,1,True
Hybrid CNN-Transformer,1619,1,0.999937,1,True
Hybrid CNN-Transformer,1620,1,0.999923,1,True
Hybrid CNN-Transformer,1621,1,0.999939,1,True
Hybrid CNN-Transformer,1622,1,0.999961,1,True
Hybrid CNN-Transformer,1623,1,0.9999,1,True
Hybrid CNN-Transformer,1624,1,0.967877,1,True
Hybrid CNN-Transformer,1625,1,0.998837,1,True
Hybrid CNN-Transformer,1626,1,0.999829,1,True
Hybrid CNN-Transformer,1627,1,0.999677,1,True
Hybrid CNN-Transformer,1628,1,0.999512,1,True
Hybrid CNN-Transformer,1629,1,0.999942,1,True
Hybrid CNN-Transformer,1630,1,0.999879,1,True
Hybrid CNN-Transformer,1631,1,0.999897,1,True
Hybrid CNN-Transformer,1632,1,0.999903,1,True
Hybrid CNN-Transformer,1633,1,0.999906,1,True
Hybrid CNN-Transformer,1634,1,0.999562,1,True
Hybrid CNN-Transformer,1635,1,0.999907,1,True
Hybrid CNN-Transformer,1636,1,0.99995,1,True
Hybrid CNN-Transformer,1637,1,0.999945,1,True
Hybrid CNN-Transformer,1638,1,0.998881,1,True
Hybrid CNN-Transformer,1639,1,0.999926,1,True
Hybrid CNN-Transformer,1640,1,0.999857,1,True
Hybrid CNN-Transformer,1641,1,0.999849,1,True
Hybrid CNN-Transformer,1642,1,0.99997,1,True
Hybrid CNN-Transformer,1643,1,0.999906,1,True
Hybrid CNN-Transformer,1644,1,0.999956,1,True
Hybrid CNN-Transformer,1645,1,0.946895,1,True
Hybrid CNN-Transformer,1646,1,0.999927,1,True
Hybrid CNN-Transformer,1647,1,0.999928,1,True
Hybrid CNN-Transformer,1648,1,0.999902,1,True
Hybrid CNN-Transformer,1649,1,0.999868,1,True
Hybrid CNN-Transformer,1650,1,0.999918,1,True
Hybrid CNN-Transformer,1651,1,0.999888,1,True
Hybrid CNN-Transformer,1652,1,0.999962,1,True
Hybrid CNN-Transformer,1653,1,0.99997,1,True
Hybrid CNN-Transformer,1654,1,0.999952,1,True
Hybrid CNN-Transformer,1655,1,0.999897,1,True
Hybrid CNN-Transformer,1656,1,0.999864,1,True
Hybrid CNN-Transformer,1657,1,0.998287,1,True
Hybrid CNN-Transformer,1658,1,0.999897,1,True
Hybrid CNN-Transformer,1659,1,0.999947,1,True
Hybrid CNN-Transformer,1660,1,0.999945,1,True
Hybrid CNN-Transformer,1661,1,0.999956,1,True
Hybrid CNN-Transformer,1662,1,0.992413,1,True
Hybrid CNN-Transformer,1663,1,0.997324,1,True
Hybrid CNN-Transformer,1664,1,0.95531,1,True
Hybrid CNN-Transformer,1665,1,0.999822,1,True
Hybrid CNN-Transformer,1666,1,0.999922,1,True
Hybrid CNN-Transformer,1667,1,0.999736,1,True
Hybrid CNN-Transformer,1668,1,0.99986,1,True
Hybrid CNN-Transformer,1669,1,0.001506,0,False
Hybrid CNN-Transformer,1670,1,0.999921,1,True
Hybrid CNN-Transformer,1671,1,0.9995,1,True
Hybrid CNN-Transformer,1672,1,0.999941,1,True
Hybrid CNN-Transformer,1673,1,0.999942,1,True
Hybrid CNN-Transformer,1674,1,0.999913,1,True
Hybrid CNN-Transformer,1675,1,0.723574,1,True
Hybrid CNN-Transformer,1676,1,0.999902,1,True
Hybrid CNN-Transformer,1677,1,0.999268,1,True
Hybrid CNN-Transformer,1678,1,0.99981,1,True
Hybrid CNN-Transformer,1679,1,0.998575,1,True
Hybrid CNN-Transformer,1680,1,0.999955,1,True
Hybrid CNN-Transformer,1681,1,0.999875,1,True
Hybrid CNN-Transformer,1682,1,0.999952,1,True
Hybrid CNN-Transformer,1683,1,0.999897,1,True
Hybrid CNN-Transformer,1684,1,0.999686,1,True
Hybrid CNN-Transformer,1685,1,0.999912,1,True
Hybrid CNN-Transformer,1686,1,0.999959,1,True
Hybrid CNN-Transformer,1687,1,0.999726,1,True
Hybrid CNN-Transformer,1688,1,0.999895,1,True
Hybrid CNN-Transformer,1689,1,0.998753,1,True
Hybrid CNN-Transformer,1690,1,0.968914,1,True
Hybrid CNN-Transformer,1691,1,0.999936,1,True
Hybrid CNN-Transformer,1692,1,0.999938,1,True
Hybrid CNN-Transformer,1693,1,0.999944,1,True
Hybrid CNN-Transformer,1694,1,0.999605,1,True
Hybrid CNN-Transformer,1695,1,0.999736,1,True
Hybrid CNN-Transformer,1696,1,0.999961,1,True
Hybrid CNN-Transformer,1697,1,0.999852,1,True
Hybrid CNN-Transformer,1698,1,0.999819,1,True
Hybrid CNN-Transformer,1699,1,0.999839,1,True
Hybrid CNN-Transformer,1700,1,0.999938,1,True
Hybrid CNN-Transformer,1701,1,0.999707,1,True
Hybrid CNN-Transformer,1702,1,0.999953,1,True
Hybrid CNN-Transformer,1703,1,0.99995,1,True
Hybrid CNN-Transformer,1704,1,0.999893,1,True
Hybrid CNN-Transformer,1705,1,0.999813,1,True
Hybrid CNN-Transformer,1706,1,0.999881,1,True
Hybrid CNN-Transformer,1707,1,0.999941,1,True
Hybrid CNN-Transformer,1708,1,0.999796,1,True
Hybrid CNN-Transformer,1709,1,0.999952,1,True
Hybrid CNN-Transformer,1710,1,0.999904,1,True
Hybrid CNN-Transformer,1711,1,0.995971,1,True
Hybrid CNN-Transformer,1712,1,0.999928,1,True
Hybrid CNN-Transformer,1713,1,0.999743,1,True
Hybrid CNN-Transformer,1714,1,0.016627,0,False
Hybrid CNN-Transformer,1715,1,0.999891,1,True
Hybrid CNN-Transformer,1716,1,0.999824,1,True
Hybrid CNN-Transformer,1717,1,0.999956,1,True
Hybrid CNN-Transformer,1718,1,0.959337,1,True
Hybrid CNN-Transformer,1719,1,0.99992,1,True
Hybrid CNN-Transformer,1720,1,0.999925,1,True
Hybrid CNN-Transformer,1721,1,0.999917,1,True
Hybrid CNN-Transformer,1722,1,0.998436,1,True
Hybrid CNN-Transformer,1723,1,0.999896,1,True
Hybrid CNN-Transformer,1724,1,0.999956,1,True
Hybrid CNN-Transformer,1725,1,0.999883,1,True
Hybrid CNN-Transformer,1726,1,0.999956,1,True
Hybrid CNN-Transformer,1727,1,0.999817,1,True
Hybrid CNN-Transformer,1728,1,0.999696,1,True
Hybrid CNN-Transformer,1729,1,0.999893,1,True
Hybrid CNN-Transformer,1730,1,0.999864,1,True
Hybrid CNN-Transformer,1731,1,0.997472,1,True
Hybrid CNN-Transformer,1732,1,0.999953,1,True
Hybrid CNN-Transformer,1733,1,0.999941,1,True
Hybrid CNN-Transformer,1734,1,0.999894,1,True
Hybrid CNN-Transformer,1735,1,0.999901,1,True
Hybrid CNN-Transformer,1736,1,0.999792,1,True
Hybrid CNN-Transformer,1737,1,0.999939,1,True
Hybrid CNN-Transformer,1738,1,0.999829,1,True
Hybrid CNN-Transformer,1739,1,0.999941,1,True
Hybrid CNN-Transformer,1740,1,0.999586,1,True
Hybrid CNN-Transformer,1741,1,0.999371,1,True
Hybrid CNN-Transformer,1742,1,0.999893,1,True
Hybrid CNN-Transformer,1743,1,0.999941,1,True
Hybrid CNN-Transformer,1744,1,0.999917,1,True
Hybrid CNN-Transformer,1745,1,0.99994,1,True
Hybrid CNN-Transformer,1746,1,0.999844,1,True
Hybrid CNN-Transformer,1747,1,0.99994,1,True
Hybrid CNN-Transformer,1748,1,0.999169,1,True
Hybrid CNN-Transformer,1749,1,0.999918,1,True
Hybrid CNN-Transformer,1750,1,0.974931,1,True
Hybrid CNN-Transformer,1751,1,0.999578,1,True
Hybrid CNN-Transformer,1752,1,0.999898,1,True
Hybrid CNN-Transformer,1753,1,0.999939,1,True
Hybrid CNN-Transformer,1754,1,0.999924,1,True
Hybrid CNN-Transformer,1755,1,0.002567,0,False
Hybrid CNN-Transformer,1756,1,0.999775,1,True
Hybrid CNN-Transformer,1757,1,0.999897,1,True
Hybrid CNN-Transformer,1758,1,0.199073,0,False
Hybrid CNN-Transformer,1759,1,0.995315,1,True
Hybrid CNN-Transformer,1760,1,0.999896,1,True
Hybrid CNN-Transformer,1761,1,0.494365,0,False
Hybrid CNN-Transformer,1762,1,0.999857,1,True
Hybrid CNN-Transformer,1763,1,0.7575,1,True
Hybrid CNN-Transformer,1764,1,0.999948,1,True
Hybrid CNN-Transformer,1765,1,0.999934,1,True
Hybrid CNN-Transformer,1766,1,0.999912,1,True
Hybrid CNN-Transformer,1767,1,0.999863,1,True
Hybrid CNN-Transformer,1768,1,0.999895,1,True
Hybrid CNN-Transformer,1769,1,0.999919,1,True
Hybrid CNN-Transformer,1770,1,0.999937,1,True
Hybrid CNN-Transformer,1771,1,0.999938,1,True
Hybrid CNN-Transformer,1772,1,0.999899,1,True
Hybrid CNN-Transformer,1773,1,0.999159,1,True
Hybrid CNN-Transformer,1774,1,0.998788,1,True
Hybrid CNN-Transformer,1775,1,0.998935,1,True
Hybrid CNN-Transformer,1776,1,0.999739,1,True
Hybrid CNN-Transformer,1777,1,0.999923,1,True
Hybrid CNN-Transformer,1778,1,0.99996,1,True
Hybrid CNN-Transformer,1779,1,0.999874,1,True
Hybrid CNN-Transformer,1780,1,0.999916,1,True
Hybrid CNN-Transformer,1781,1,0.99943,1,True
Hybrid CNN-Transformer,1782,1,0.999838,1,True
Hybrid CNN-Transformer,1783,1,0.999537,1,True
Hybrid CNN-Transformer,1784,1,0.999893,1,True
Hybrid CNN-Transformer,1785,1,0.999847,1,True
Hybrid CNN-Transformer,1786,1,0.9988,1,True
Hybrid CNN-Transformer,1787,1,0.998962,1,True
Hybrid CNN-Transformer,1788,1,0.999545,1,True
Hybrid CNN-Transformer,1789,1,0.999853,1,True
Hybrid CNN-Transformer,1790,1,0.078116,0,False
Hybrid CNN-Transformer,1791,1,0.99929,1,True
Hybrid CNN-Transformer,1792,1,0.999956,1,True
Hybrid CNN-Transformer,1793,1,0.999351,1,True
Hybrid CNN-Transformer,1794,1,0.987149,1,True
Hybrid CNN-Transformer,1795,1,0.92441,1,True
Hybrid CNN-Transformer,1796,1,0.999415,1,True
Hybrid CNN-Transformer,1797,1,0.999942,1,True
Hybrid CNN-Transformer,1798,1,0.999922,1,True
Hybrid CNN-Transformer,1799,1,0.999696,1,True
Hybrid CNN-Transformer,1800,1,0.999696,1,True
Hybrid CNN-Transformer,1801,1,0.999896,1,True
Hybrid CNN-Transformer,1802,1,0.000967,0,False
Hybrid CNN-Transformer,1803,1,0.999953,1,True
Hybrid CNN-Transformer,1804,1,0.999831,1,True
Hybrid CNN-Transformer,1805,1,0.999953,1,True
Hybrid CNN-Transformer,1806,1,0.999947,1,True
Hybrid CNN-Transformer,1807,1,0.99989,1,True
Hybrid CNN-Transformer,1808,1,0.999852,1,True
Hybrid CNN-Transformer,1809,1,0.999717,1,True
Hybrid CNN-Transformer,1810,1,0.999839,1,True
Hybrid CNN-Transformer,1811,1,0.903421,1,True
Hybrid CNN-Transformer,1812,1,0.999778,1,True
Hybrid CNN-Transformer,1813,1,0.999129,1,True
Hybrid CNN-Transformer,1814,1,0.992053,1,True
Hybrid CNN-Transformer,1815,1,0.999943,1,True
Hybrid CNN-Transformer,1816,1,0.999757,1,True
Hybrid CNN-Transformer,1817,1,0.999662,1,True
Hybrid CNN-Transformer,1818,1,0.999805,1,True
Hybrid CNN-Transformer,1819,1,0.999586,1,True
Hybrid CNN-Transformer,1820,1,0.999962,1,True
Hybrid CNN-Transformer,1821,1,0.9993,1,True
Hybrid CNN-Transformer,1822,1,0.999907,1,True
Hybrid CNN-Transformer,1823,1,0.830467,1,True
Hybrid CNN-Transformer,1824,1,0.999975,1,True
Hybrid CNN-Transformer,1825,1,0.999802,1,True
Hybrid CNN-Transformer,1826,1,0.999692,1,True
Hybrid CNN-Transformer,1827,1,0.999885,1,True
Hybrid CNN-Transformer,1828,1,0.997654,1,True
Hybrid CNN-Transformer,1829,1,0.999908,1,True
Hybrid CNN-Transformer,1830,1,0.999704,1,True
Hybrid CNN-Transformer,1831,1,0.999861,1,True
Hybrid CNN-Transformer,1832,1,0.999242,1,True
Hybrid CNN-Transformer,1833,1,0.999182,1,True
Hybrid CNN-Transformer,1834,1,0.991177,1,True
Hybrid CNN-Transformer,1835,1,0.166558,0,False
Hybrid CNN-Transformer,1836,1,0.999857,1,True
Hybrid CNN-Transformer,1837,1,0.999907,1,True
Hybrid CNN-Transformer,1838,1,0.768824,1,True
Hybrid CNN-Transformer,1839,1,0.009752,0,False
Hybrid CNN-Transformer,1840,1,0.997699,1,True
Hybrid CNN-Transformer,1841,1,0.992761,1,True
Hybrid CNN-Transformer,1842,1,0.99917,1,True
Hybrid CNN-Transformer,1843,1,0.994725,1,True
Hybrid CNN-Transformer,1844,1,0.99946,1,True
Hybrid CNN-Transformer,1845,1,0.997864,1,True
Hybrid CNN-Transformer,1846,1,0.999658,1,True
Hybrid CNN-Transformer,1847,1,0.999813,1,True
Hybrid CNN-Transformer,1848,1,0.999902,1,True
Hybrid CNN-Transformer,1849,1,0.986735,1,True
Hybrid CNN-Transformer,1850,1,0.996843,1,True
Hybrid CNN-Transformer,1851,1,0.99986,1,True
Hybrid CNN-Transformer,1852,1,0.990828,1,True
Hybrid CNN-Transformer,1853,1,0.999826,1,True
Hybrid CNN-Transformer,1854,1,0.998936,1,True
Hybrid CNN-Transformer,1855,1,0.999862,1,True
Hybrid CNN-Transformer,1856,1,0.998899,1,True
Hybrid CNN-Transformer,1857,1,0.179984,0,False
Hybrid CNN-Transformer,1858,1,0.999925,1,True
Hybrid CNN-Transformer,1859,1,0.999577,1,True
Hybrid CNN-Transformer,1860,1,0.999802,1,True
Hybrid CNN-Transformer,1861,1,0.999873,1,True
Hybrid CNN-Transformer,1862,1,0.999791,1,True
Hybrid CNN-Transformer,1863,1,0.999696,1,True
Hybrid CNN-Transformer,1864,1,0.999855,1,True
Hybrid CNN-Transformer,1865,1,0.993939,1,True
Hybrid CNN-Transformer,1866,1,0.996851,1,True
Hybrid CNN-Transformer,1867,1,0.996222,1,True
Hybrid CNN-Transformer,1868,1,0.988511,1,True
Hybrid CNN-Transformer,1869,1,0.999671,1,True
Hybrid CNN-Transformer,1870,1,0.999361,1,True
Hybrid CNN-Transformer,1871,1,0.885595,1,True
Hybrid CNN-Transformer,1872,1,0.999849,1,True
Hybrid CNN-Transformer,1873,1,0.999788,1,True
Hybrid CNN-Transformer,1874,1,0.999812,1,True
Hybrid CNN-Transformer,1875,1,0.999864,1,True
Hybrid CNN-Transformer,1876,1,0.998416,1,True
Hybrid CNN-Transformer,1877,1,0.999691,1,True
Hybrid CNN-Transformer,1878,1,0.999629,1,True
Hybrid CNN-Transformer,1879,1,0.999869,1,True
Hybrid CNN-Transformer,1880,1,0.997678,1,True
Hybrid CNN-Transformer,1881,1,0.988012,1,True
Hybrid CNN-Transformer,1882,1,0.999933,1,True
Hybrid CNN-Transformer,1883,1,0.999456,1,True
Hybrid CNN-Transformer,1884,1,0.074353,0,False
Hybrid CNN-Transformer,1885,1,0.425939,0,False
Hybrid CNN-Transformer,1886,1,0.992284,1,True
Hybrid CNN-Transformer,1887,1,0.000787,0,False
Hybrid CNN-Transformer,1888,1,0.999963,1,True
Hybrid CNN-Transformer,1889,1,0.999829,1,True
Hybrid CNN-Transformer,1890,1,0.902749,1,True
Hybrid CNN-Transformer,1891,1,0.999882,1,True
Hybrid CNN-Transformer,1892,1,0.999922,1,True
Hybrid CNN-Transformer,1893,1,0.970112,1,True
Hybrid CNN-Transformer,1894,1,0.048488,0,False
Hybrid CNN-Transformer,1895,1,0.9999,1,True
Hybrid CNN-Transformer,1896,1,0.999915,1,True
Hybrid CNN-Transformer,1897,1,0.998839,1,True
Hybrid CNN-Transformer,1898,1,0.99996,1,True
Hybrid CNN-Transformer,1899,1,0.999733,1,True
Hybrid CNN-Transformer,1900,1,0.999513,1,True
Hybrid CNN-Transformer,1901,1,0.999758,1,True
Hybrid CNN-Transformer,1902,1,0.999799,1,True
Hybrid CNN-Transformer,1903,1,0.999677,1,True
Hybrid CNN-Transformer,1904,1,0.999903,1,True
Hybrid CNN-Transformer,1905,1,0.999911,1,True
Hybrid CNN-Transformer,1906,1,0.998448,1,True
Hybrid CNN-Transformer,1907,1,0.999881,1,True
Hybrid CNN-Transformer,1908,1,0.999549,1,True
Hybrid CNN-Transformer,1909,1,0.999931,1,True
Hybrid CNN-Transformer,1910,1,0.999777,1,True
Hybrid CNN-Transformer,1911,1,0.999795,1,True
Hybrid CNN-Transformer,1912,1,0.910869,1,True
Hybrid CNN-Transformer,1913,1,0.999948,1,True
Hybrid CNN-Transformer,1914,1,0.9999,1,True
Hybrid CNN-Transformer,1915,1,0.99977,1,True
Hybrid CNN-Transformer,1916,1,0.999918,1,True
Hybrid CNN-Transformer,1917,1,0.999763,1,True
Hybrid CNN-Transformer,1918,1,0.999645,1,True
Hybrid CNN-Transformer,1919,1,0.999844,1,True
Hybrid CNN-Transformer,1920,1,0.132327,0,False
Hybrid CNN-Transformer,1921,1,0.999788,1,True
Hybrid CNN-Transformer,1922,1,0.998514,1,True
Hybrid CNN-Transformer,1923,1,0.999923,1,True
Hybrid CNN-Transformer,1924,1,0.997813,1,True
Hybrid CNN-Transformer,1925,1,0.998211,1,True
Hybrid CNN-Transformer,1926,1,0.997114,1,True
Hybrid CNN-Transformer,1927,1,0.999808,1,True
Hybrid CNN-Transformer,1928,1,0.999877,1,True
Hybrid CNN-Transformer,1929,1,0.1786,0,False
Hybrid CNN-Transformer,1930,1,0.999476,1,True
Hybrid CNN-Transformer,1931,1,0.999818,1,True
Hybrid CNN-Transformer,1932,1,0.999841,1,True
Hybrid CNN-Transformer,1933,1,0.99996,1,True
Hybrid CNN-Transformer,1934,1,0.999845,1,True
Hybrid CNN-Transformer,1935,1,0.999931,1,True
Hybrid CNN-Transformer,1936,1,0.999264,1,True
Hybrid CNN-Transformer,1937,1,0.999927,1,True
Hybrid CNN-Transformer,1938,1,0.999649,1,True
Hybrid CNN-Transformer,1939,1,0.999768,1,True
Hybrid CNN-Transformer,1940,1,0.998982,1,True
Hybrid CNN-Transformer,1941,1,0.999926,1,True
Hybrid CNN-Transformer,1942,1,0.999917,1,True
Hybrid CNN-Transformer,1943,1,0.999917,1,True
Hybrid CNN-Transformer,1944,1,0.999925,1,True
Hybrid CNN-Transformer,1945,1,0.999914,1,True
Hybrid CNN-Transformer,1946,1,0.99806,1,True
Hybrid CNN-Transformer,1947,1,0.999816,1,True
Hybrid CNN-Transformer,1948,1,0.999833,1,True
Hybrid CNN-Transformer,1949,1,0.999783,1,True
Hybrid CNN-Transformer,1950,1,0.999683,1,True
Hybrid CNN-Transformer,1951,1,0.999908,1,True
Hybrid CNN-Transformer,1952,1,0.999877,1,True
Hybrid CNN-Transformer,1953,1,0.999915,1,True
Hybrid CNN-Transformer,1954,1,0.999103,1,True
Hybrid CNN-Transformer,1955,1,0.999802,1,True
Hybrid CNN-Transformer,1956,1,0.999868,1,True
Hybrid CNN-Transformer,1957,1,0.99869,1,True
Hybrid CNN-Transformer,1958,1,0.999865,1,True
Hybrid CNN-Transformer,1959,1,0.99992,1,True
Hybrid CNN-Transformer,1960,1,0.999466,1,True
Hybrid CNN-Transformer,1961,1,0.999802,1,True
Hybrid CNN-Transformer,1962,1,0.999799,1,True
Hybrid CNN-Transformer,1963,1,0.999956,1,True
Hybrid CNN-Transformer,1964,1,0.999876,1,True
Hybrid CNN-Transformer,1965,1,0.999881,1,True
Hybrid CNN-Transformer,1966,1,0.999866,1,True
Hybrid CNN-Transformer,1967,1,0.999645,1,True
Hybrid CNN-Transformer,1968,1,0.999963,1,True
Hybrid CNN-Transformer,1969,1,0.999955,1,True
Hybrid CNN-Transformer,1970,1,0.999788,1,True
Hybrid CNN-Transformer,1971,1,0.998749,1,True
Hybrid CNN-Transformer,1972,1,0.999964,1,True
Hybrid CNN-Transformer,1973,1,0.985706,1,True
Hybrid CNN-Transformer,1974,1,0.999731,1,True
Hybrid CNN-Transformer,1975,1,0.999871,1,True
Hybrid CNN-Transformer,1976,1,0.998299,1,True
Hybrid CNN-Transformer,1977,1,0.999918,1,True
Hybrid CNN-Transformer,1978,1,0.999795,1,True
Hybrid CNN-Transformer,1979,1,0.999811,1,True
Hybrid CNN-Transformer,1980,1,0.999918,1,True
Hybrid CNN-Transformer,1981,1,0.999897,1,True
Hybrid CNN-Transformer,1982,1,0.999938,1,True
Hybrid CNN-Transformer,1983,1,0.999864,1,True
Hybrid CNN-Transformer,1984,1,0.999745,1,True
Hybrid CNN-Transformer,1985,1,0.999545,1,True
Hybrid CNN-Transformer,1986,1,0.999947,1,True
Hybrid CNN-Transformer,1987,1,0.999789,1,True
Hybrid CNN-Transformer,1988,1,0.999905,1,True
Hybrid CNN-Transformer,1989,1,0.999933,1,True
Hybrid CNN-Transformer,1990,1,0.999948,1,True
Hybrid CNN-Transformer,1991,1,0.999949,1,True
Hybrid CNN-Transformer,1992,1,0.999867,1,True
Hybrid CNN-Transformer,1993,1,0.999937,1,True
Hybrid CNN-Transformer,1994,1,0.999634,1,True
Hybrid CNN-Transformer,1995,1,0.999705,1,True
Hybrid CNN-Transformer,1996,1,0.999918,1,True
Hybrid CNN-Transformer,1997,1,0.999928,1,True
Hybrid CNN-Transformer,1998,1,0.999915,1,True
Hybrid CNN-Transformer,1999,1,0.999896,1,True
Hybrid CNN-Transformer,2000,1,0.999844,1,True
Hybrid CNN-Transformer,2001,1,0.999959,1,True
Hybrid CNN-Transformer,2002,1,0.999804,1,True
Hybrid CNN-Transformer,2003,1,0.999909,1,True
Hybrid CNN-Transformer,2004,1,0.999006,1,True
Hybrid CNN-Transformer,2005,1,0.999702,1,True
Hybrid CNN-Transformer,2006,1,0.999929,1,True
Hybrid CNN-Transformer,2007,1,0.999293,1,True
Hybrid CNN-Transformer,2008,1,0.495422,0,False
Hybrid CNN-Transformer,2009,1,0.999776,1,True
Hybrid CNN-Transformer,2010,1,0.999826,1,True
Hybrid CNN-Transformer,2011,1,0.040177,0,False
Hybrid CNN-Transformer,2012,1,0.999901,1,True
Hybrid CNN-Transformer,2013,1,0.999935,1,True
Hybrid CNN-Transformer,2014,1,0.999828,1,True
Hybrid CNN-Transformer,2015,1,0.999442,1,True
Hybrid CNN-Transformer,2016,1,0.999632,1,True
Hybrid CNN-Transformer,2017,1,0.999952,1,True
Hybrid CNN-Transformer,2018,1,0.999723,1,True
Hybrid CNN-Transformer,2019,1,0.928153,1,True
Hybrid CNN-Transformer,2020,1,0.943282,1,True
Hybrid CNN-Transformer,2021,1,0.999956,1,True
Hybrid CNN-Transformer,2022,1,0.998784,1,True
Hybrid CNN-Transformer,2023,1,0.999901,1,True
Hybrid CNN-Transformer,2024,1,0.999869,1,True
Hybrid CNN-Transformer,2025,1,0.99869,1,True
Hybrid CNN-Transformer,2026,1,0.999829,1,True
Hybrid CNN-Transformer,2027,1,0.995512,1,True
Hybrid CNN-Transformer,2028,1,0.999882,1,True
Hybrid CNN-Transformer,2029,1,0.999939,1,True
Hybrid CNN-Transformer,2030,1,0.999113,1,True
Hybrid CNN-Transformer,2031,1,0.999862,1,True
Hybrid CNN-Transformer,2032,1,0.999438,1,True
Hybrid CNN-Transformer,2033,1,0.999895,1,True
Hybrid CNN-Transformer,2034,1,0.644006,1,True
Hybrid CNN-Transformer,2035,1,0.999835,1,True
Hybrid CNN-Transformer,2036,1,0.999873,1,True
Hybrid CNN-Transformer,2037,1,0.487193,0,False
Hybrid CNN-Transformer,2038,1,0.999489,1,True
Hybrid CNN-Transformer,2039,1,0.99953,1,True
Hybrid CNN-Transformer,2040,1,0.999922,1,True
Hybrid CNN-Transformer,2041,1,0.999888,1,True
Hybrid CNN-Transformer,2042,1,0.999531,1,True
Hybrid CNN-Transformer,2043,1,0.999857,1,True
Hybrid CNN-Transformer,2044,1,0.999959,1,True
Hybrid CNN-Transformer,2045,1,0.147871,0,False
Hybrid CNN-Transformer,2046,1,0.999952,1,True
Hybrid CNN-Transformer,2047,1,0.998891,1,True
Hybrid CNN-Transformer,2048,1,0.999914,1,True
Hybrid CNN-Transformer,2049,1,0.965329,1,True
Hybrid CNN-Transformer,2050,1,0.999442,1,True
Hybrid CNN-Transformer,2051,1,0.997618,1,True
Hybrid CNN-Transformer,2052,1,0.999912,1,True
Hybrid CNN-Transformer,2053,1,0.999845,1,True
Hybrid CNN-Transformer,2054,1,0.999942,1,True
Hybrid CNN-Transformer,2055,1,0.99993,1,True
Hybrid CNN-Transformer,2056,1,0.999524,1,True
Hybrid CNN-Transformer,2057,1,0.991962,1,True
Hybrid CNN-Transformer,2058,1,0.569953,1,True
Hybrid CNN-Transformer,2059,1,0.999705,1,True
Hybrid CNN-Transformer,2060,1,0.998251,1,True
Hybrid CNN-Transformer,2061,1,0.999456,1,True
Hybrid CNN-Transformer,2062,1,0.999875,1,True
Hybrid CNN-Transformer,2063,1,0.999964,1,True
Hybrid CNN-Transformer,2064,1,0.9998,1,True
Hybrid CNN-Transformer,2065,1,0.999865,1,True
Hybrid CNN-Transformer,2066,1,0.99975,1,True
Hybrid CNN-Transformer,2067,1,0.999295,1,True
Hybrid CNN-Transformer,2068,1,0.999833,1,True
Hybrid CNN-Transformer,2069,1,0.999914,1,True
Hybrid CNN-Transformer,2070,1,0.999947,1,True
Hybrid CNN-Transformer,2071,1,0.998568,1,True
Hybrid CNN-Transformer,2072,1,0.999907,1,True
Hybrid CNN-Transformer,2073,1,0.999928,1,True
Hybrid CNN-Transformer,2074,1,0.999768,1,True
Hybrid CNN-Transformer,2075,1,0.999849,1,True
Hybrid CNN-Transformer,2076,1,0.999871,1,True
Hybrid CNN-Transformer,2077,1,0.999949,1,True
Hybrid CNN-Transformer,2078,1,0.999947,1,True
Hybrid CNN-Transformer,2079,1,0.999884,1,True
Hybrid CNN-Transformer,2080,1,0.999308,1,True
Hybrid CNN-Transformer,2081,1,0.999948,1,True
Hybrid CNN-Transformer,2082,1,0.999836,1,True
Hybrid CNN-Transformer,2083,1,0.999612,1,True
Hybrid CNN-Transformer,2084,1,0.999942,1,True
Hybrid CNN-Transformer,2085,1,0.999879,1,True
Hybrid CNN-Transformer,2086,1,0.999915,1,True
Hybrid CNN-Transformer,2087,1,0.999965,1,True
Hybrid CNN-Transformer,2088,1,0.999837,1,True
Hybrid CNN-Transformer,2089,1,0.999898,1,True
Hybrid CNN-Transformer,2090,1,0.999931,1,True
Hybrid CNN-Transformer,2091,1,0.483335,0,False
Hybrid CNN-Transformer,2092,1,0.999635,1,True
Hybrid CNN-Transformer,2093,1,0.999845,1,True
Hybrid CNN-Transformer,2094,1,0.999933,1,True
Hybrid CNN-Transformer,2095,1,0.999523,1,True
Hybrid CNN-Transformer,2096,1,0.999931,1,True
Hybrid CNN-Transformer,2097,1,0.999892,1,True
Hybrid CNN-Transformer,2098,1,0.999795,1,True
Hybrid CNN-Transformer,2099,1,0.999202,1,True
Hybrid CNN-Transformer,2100,1,0.999907,1,True
Hybrid CNN-Transformer,2101,1,0.999907,1,True
Hybrid CNN-Transformer,2102,1,0.999652,1,True
Hybrid CNN-Transformer,2103,1,0.999876,1,True
Hybrid CNN-Transformer,2104,1,0.999752,1,True
Hybrid CNN-Transformer,2105,1,0.999607,1,True
Hybrid CNN-Transformer,2106,1,0.999883,1,True
Hybrid CNN-Transformer,2107,1,0.999694,1,True
Hybrid CNN-Transformer,2108,1,0.999824,1,True
Hybrid CNN-Transformer,2109,1,0.999772,1,True
Hybrid CNN-Transformer,2110,1,0.999778,1,True
Hybrid CNN-Transformer,2111,1,0.999848,1,True
Hybrid CNN-Transformer,2112,1,0.999911,1,True
Hybrid CNN-Transformer,2113,1,0.99993,1,True
Hybrid CNN-Transformer,2114,1,0.999759,1,True
Hybrid CNN-Transformer,2115,1,0.999816,1,True
Hybrid CNN-Transformer,2116,1,0.999882,1,True
Hybrid CNN-Transformer,2117,1,0.999882,1,True
Hybrid CNN-Transformer,2118,1,0.999764,1,True
Hybrid CNN-Transformer,2119,1,0.999866,1,True
Hybrid CNN-Transformer,2120,1,0.998748,1,True
Hybrid CNN-Transformer,2121,1,0.999141,1,True
Hybrid CNN-Transformer,2122,1,0.999779,1,True
Hybrid CNN-Transformer,2123,1,0.99971,1,True
Hybrid CNN-Transformer,2124,1,0.999908,1,True
Hybrid CNN-Transformer,2125,1,0.999886,1,True
Hybrid CNN-Transformer,2126,1,0.999725,1,True
Hybrid CNN-Transformer,2127,1,0.999877,1,True
Hybrid CNN-Transformer,2128,1,0.998884,1,True
Hybrid CNN-Transformer,2129,1,0.999847,1,True
Hybrid CNN-Transformer,2130,1,0.999766,1,True
Hybrid CNN-Transformer,2131,1,0.999941,1,True
Hybrid CNN-Transformer,2132,1,0.999448,1,True
Hybrid CNN-Transformer,2133,1,0.999817,1,True
Hybrid CNN-Transformer,2134,1,0.999738,1,True
Hybrid CNN-Transformer,2135,1,0.899738,1,True
Hybrid CNN-Transformer,2136,1,0.999467,1,True
Hybrid CNN-Transformer,2137,1,0.999485,1,True
Hybrid CNN-Transformer,2138,1,0.999811,1,True
Hybrid CNN-Transformer,2139,1,0.99927,1,True
Hybrid CNN-Transformer,2140,1,0.999439,1,True
Hybrid CNN-Transformer,2141,1,0.99943,1,True
Hybrid CNN-Transformer,2142,1,0.990437,1,True
Hybrid CNN-Transformer,2143,1,0.999946,1,True
Hybrid CNN-Transformer,2144,1,0.999817,1,True
Hybrid CNN-Transformer,2145,1,0.999874,1,True
Hybrid CNN-Transformer,2146,1,0.995539,1,True
Hybrid CNN-Transformer,2147,1,0.99982,1,True
Hybrid CNN-Transformer,2148,1,0.99181,1,True
Hybrid CNN-Transformer,2149,1,0.999901,1,True
Hybrid CNN-Transformer,2150,1,0.999924,1,True
Hybrid CNN-Transformer,2151,1,0.246454,0,False
Hybrid CNN-Transformer,2152,1,0.999931,1,True
Hybrid CNN-Transformer,2153,1,0.998188,1,True
Hybrid CNN-Transformer,2154,1,0.999805,1,True
Hybrid CNN-Transformer,2155,1,0.99959,1,True
Hybrid CNN-Transformer,2156,1,0.99962,1,True
Hybrid CNN-Transformer,2157,1,0.999898,1,True
Hybrid CNN-Transformer,2158,1,0.999833,1,True
Hybrid CNN-Transformer,2159,1,0.999525,1,True
Hybrid CNN-Transformer,2160,1,0.999612,1,True
Hybrid CNN-Transformer,2161,1,0.999896,1,True
Hybrid CNN-Transformer,2162,1,0.999934,1,True
Hybrid CNN-Transformer,2163,1,0.999882,1,True
Hybrid CNN-Transformer,2164,1,0.999954,1,True
Hybrid CNN-Transformer,2165,1,0.999836,1,True
Hybrid CNN-Transformer,2166,1,0.999928,1,True
Hybrid CNN-Transformer,2167,1,0.999954,1,True
Hybrid CNN-Transformer,2168,1,0.999625,1,True
Hybrid CNN-Transformer,2169,1,0.985707,1,True
Hybrid CNN-Transformer,2170,1,0.999937,1,True
Hybrid CNN-Transformer,2171,1,0.999835,1,True
Hybrid CNN-Transformer,2172,1,0.999926,1,True
Hybrid CNN-Transformer,2173,1,0.999673,1,True
Hybrid CNN-Transformer,2174,1,0.99995,1,True
Hybrid CNN-Transformer,2175,1,0.999803,1,True
Hybrid CNN-Transformer,2176,1,0.999645,1,True
Hybrid CNN-Transformer,2177,1,0.999954,1,True
Hybrid CNN-Transformer,2178,1,0.999872,1,True
Hybrid CNN-Transformer,2179,1,0.999832,1,True
Hybrid CNN-Transformer,2180,1,0.999925,1,True
Hybrid CNN-Transformer,2181,1,0.999866,1,True
Hybrid CNN-Transformer,2182,1,0.999947,1,True
Hybrid CNN-Transformer,2183,1,0.99995,1,True
Hybrid CNN-Transformer,2184,1,0.999914,1,True
Hybrid CNN-Transformer,2185,1,0.999512,1,True
Hybrid CNN-Transformer,2186,1,0.999959,1,True
Hybrid CNN-Transformer,2187,1,0.99995,1,True
Hybrid CNN-Transformer,2188,1,0.99862,1,True
Hybrid CNN-Transformer,2189,1,0.999943,1,True
Hybrid CNN-Transformer,2190,1,0.999762,1,True
Hybrid CNN-Transformer,2191,1,0.840293,1,True
Hybrid CNN-Transformer,2192,1,0.999859,1,True
Hybrid CNN-Transformer,2193,1,0.999845,1,True
Hybrid CNN-Transformer,2194,1,0.999854,1,True
Hybrid CNN-Transformer,2195,1,0.999634,1,True
Hybrid CNN-Transformer,2196,1,0.993647,1,True
Hybrid CNN-Transformer,2197,1,0.999828,1,True
Hybrid CNN-Transformer,2198,1,0.99976,1,True
Hybrid CNN-Transformer,2199,1,0.971797,1,True
Hybrid CNN-Transformer,2200,1,0.999909,1,True
Hybrid CNN-Transformer,2201,1,0.999938,1,True
Hybrid CNN-Transformer,2202,1,0.038775,0,False
Hybrid CNN-Transformer,2203,1,0.999837,1,True
Hybrid CNN-Transformer,2204,1,0.999754,1,True
Hybrid CNN-Transformer,2205,1,0.999129,1,True
Hybrid CNN-Transformer,2206,1,0.998945,1,True
Hybrid CNN-Transformer,2207,1,0.996378,1,True
Hybrid CNN-Transformer,2208,1,0.99915,1,True
Hybrid CNN-Transformer,2209,1,0.999584,1,True
Hybrid CNN-Transformer,2210,1,0.999871,1,True
Hybrid CNN-Transformer,2211,1,0.999893,1,True
Hybrid CNN-Transformer,2212,1,0.999593,1,True
Hybrid CNN-Transformer,2213,1,0.999798,1,True
Hybrid CNN-Transformer,2214,1,0.667544,1,True
Hybrid CNN-Transformer,2215,1,0.999761,1,True
Hybrid CNN-Transformer,2216,1,0.999756,1,True
Hybrid CNN-Transformer,2217,1,0.999916,1,True
Hybrid CNN-Transformer,2218,1,0.999791,1,True
Hybrid CNN-Transformer,2219,1,0.999871,1,True
Hybrid CNN-Transformer,2220,1,0.999802,1,True
Hybrid CNN-Transformer,2221,1,0.998707,1,True
Hybrid CNN-Transformer,2222,1,0.977977,1,True
Hybrid CNN-Transformer,2223,1,0.999235,1,True
Hybrid CNN-Transformer,2224,1,0.999129,1,True
Hybrid CNN-Transformer,2225,1,0.999945,1,True
Hybrid CNN-Transformer,2226,1,0.999809,1,True
Hybrid CNN-Transformer,2227,1,0.999843,1,True
Hybrid CNN-Transformer,2228,1,0.9995,1,True
Hybrid CNN-Transformer,2229,1,0.964083,1,True
Hybrid CNN-Transformer,2230,1,0.999672,1,True
Hybrid CNN-Transformer,2231,1,0.999923,1,True
Hybrid CNN-Transformer,2232,1,0.999695,1,True
Hybrid CNN-Transformer,2233,1,0.9999,1,True
Hybrid CNN-Transformer,2234,1,0.999728,1,True
Hybrid CNN-Transformer,2235,1,0.999453,1,True
Hybrid CNN-Transformer,2236,1,0.99832,1,True
Hybrid CNN-Transformer,2237,1,0.999503,1,True
Hybrid CNN-Transformer,2238,1,0.989094,1,True
Hybrid CNN-Transformer,2239,1,0.00099,0,False
Hybrid CNN-Transformer,2240,1,0.872511,1,True
Hybrid CNN-Transformer,2241,1,0.999861,1,True
Hybrid CNN-Transformer,2242,1,0.999264,1,True
Hybrid CNN-Transformer,2243,1,0.999907,1,True
Hybrid CNN-Transformer,2244,1,0.162571,0,False
Hybrid CNN-Transformer,2245,1,0.999457,1,True
Hybrid CNN-Transformer,2246,1,0.998538,1,True
Hybrid CNN-Transformer,2247,1,0.99873,1,True
Hybrid CNN-Transformer,2248,1,0.999793,1,True
Hybrid CNN-Transformer,2249,1,0.987997,1,True
Hybrid CNN-Transformer,2250,1,0.81439,1,True
Hybrid CNN-Transformer,2251,1,0.00278,0,False
Hybrid CNN-Transformer,2252,1,0.99937,1,True
Hybrid CNN-Transformer,2253,1,0.738714,1,True
Hybrid CNN-Transformer,2254,1,0.999573,1,True
Hybrid CNN-Transformer,2255,1,0.79141,1,True
Hybrid CNN-Transformer,2256,1,0.999888,1,True
Hybrid CNN-Transformer,2257,1,0.999511,1,True
Hybrid CNN-Transformer,2258,1,0.991004,1,True
Hybrid CNN-Transformer,2259,1,0.999928,1,True
Hybrid CNN-Transformer,2260,1,0.999628,1,True
Hybrid CNN-Transformer,2261,1,0.995152,1,True
Hybrid CNN-Transformer,2262,1,0.233939,0,False
Hybrid CNN-Transformer,2263,1,0.999669,1,True
Hybrid CNN-Transformer,2264,1,0.999075,1,True
Hybrid CNN-Transformer,2265,1,0.996854,1,True
Hybrid CNN-Transformer,2266,1,0.99982,1,True
Hybrid CNN-Transformer,2267,1,0.999665,1,True
Hybrid CNN-Transformer,2268,1,0.999467,1,True
Hybrid CNN-Transformer,2269,1,0.001995,0,False
Hybrid CNN-Transformer,2270,1,0.999623,1,True
Hybrid CNN-Transformer,2271,1,0.999211,1,True
Hybrid CNN-Transformer,2272,1,0.999813,1,True
Hybrid CNN-Transformer,2273,1,0.997734,1,True
Hybrid CNN-Transformer,2274,1,0.99881,1,True
Hybrid CNN-Transformer,2275,1,0.999123,1,True
Hybrid CNN-Transformer,2276,1,0.973923,1,True
Hybrid CNN-Transformer,2277,1,0.999537,1,True
Hybrid CNN-Transformer,2278,1,0.999882,1,True
Hybrid CNN-Transformer,2279,1,0.999815,1,True
Hybrid CNN-Transformer,2280,1,0.996685,1,True
Hybrid CNN-Transformer,2281,1,0.999836,1,True
Hybrid CNN-Transformer,2282,1,0.999277,1,True
Hybrid CNN-Transformer,2283,1,0.999761,1,True
Hybrid CNN-Transformer,2284,1,0.999486,1,True
Hybrid CNN-Transformer,2285,1,0.999843,1,True
Hybrid CNN-Transformer,2286,1,0.999079,1,True
Hybrid CNN-Transformer,2287,1,0.99985,1,True
Hybrid CNN-Transformer,2288,1,0.99882,1,True
Hybrid CNN-Transformer,2289,1,0.999643,1,True
Hybrid CNN-Transformer,2290,1,0.994911,1,True
Hybrid CNN-Transformer,2291,1,0.993526,1,True
Hybrid CNN-Transformer,2292,1,0.997419,1,True
Hybrid CNN-Transformer,2293,1,0.996885,1,True
Hybrid CNN-Transformer,2294,1,0.663297,1,True
Hybrid CNN-Transformer,2295,1,0.998953,1,True
Hybrid CNN-Transformer,2296,1,0.996712,1,True
Hybrid CNN-Transformer,2297,1,0.999707,1,True
Hybrid CNN-Transformer,2298,1,0.992417,1,True
Hybrid CNN-Transformer,2299,1,0.994039,1,True
Hybrid CNN-Transformer,2300,1,0.992753,1,True
Hybrid CNN-Transformer,2301,1,0.999693,1,True
Hybrid CNN-Transformer,2302,1,0.997685,1,True
Hybrid CNN-Transformer,2303,1,0.999879,1,True
Hybrid CNN-Transformer,2304,1,0.999932,1,True
Hybrid CNN-Transformer,2305,1,0.999886,1,True
Hybrid CNN-Transformer,2306,1,0.999907,1,True
Hybrid CNN-Transformer,2307,1,0.998749,1,True
Hybrid CNN-Transformer,2308,1,0.999854,1,True
Hybrid CNN-Transformer,2309,1,0.999957,1,True
Hybrid CNN-Transformer,2310,1,0.999937,1,True
Hybrid CNN-Transformer,2311,1,0.982693,1,True
Hybrid CNN-Transformer,2312,1,0.999911,1,True
Hybrid CNN-Transformer,2313,1,0.999799,1,True
Hybrid CNN-Transformer,2314,1,0.999945,1,True
Hybrid CNN-Transformer,2315,1,0.999434,1,True
Hybrid CNN-Transformer,2316,1,0.999851,1,True
Hybrid CNN-Transformer,2317,1,0.99942,1,True
Hybrid CNN-Transformer,2318,1,0.999947,1,True
Hybrid CNN-Transformer,2319,1,0.99934,1,True
Hybrid CNN-Transformer,2320,1,0.999866,1,True
Hybrid CNN-Transformer,2321,1,0.998899,1,True
Hybrid CNN-Transformer,2322,1,0.991756,1,True
Hybrid CNN-Transformer,2323,1,0.999817,1,True
Hybrid CNN-Transformer,2324,1,0.999932,1,True
Hybrid CNN-Transformer,2325,1,0.999908,1,True
Hybrid CNN-Transformer,2326,1,0.999948,1,True
Hybrid CNN-Transformer,2327,1,0.998636,1,True
Hybrid CNN-Transformer,2328,1,0.996771,1,True
Hybrid CNN-Transformer,2329,1,0.999578,1,True
Hybrid CNN-Transformer,2330,1,0.999733,1,True
Hybrid CNN-Transformer,2331,1,0.99977,1,True
Hybrid CNN-Transformer,2332,1,0.999772,1,True
Hybrid CNN-Transformer,2333,1,0.999815,1,True
Hybrid CNN-Transformer,2334,1,0.999918,1,True
Hybrid CNN-Transformer,2335,1,0.999933,1,True
